country,continent,date,new_vaccinations,total_vaccinations,people_fully_vaccinated,vaccine_used,population,population_density,gdp_per_capita,human_development_index
Afghanistan,Asia,2021-02-10,,,,,38928341,54.422,1803.987,0.511
Afghanistan,Asia,2021-02-11,,,,,38928341,54.422,1803.987,0.511
Afghanistan,Asia,2021-02-12,,,,,38928341,54.422,1803.987,0.511
Afghanistan,Asia,2021-02-13,,,,,38928341,54.422,1803.987,0.511
Afghanistan,Asia,2021-02-14,,,,,38928341,54.422,1803.987,0.511
Afghanistan,Asia,2021-02-15,,,,,38928341,54.422,1803.987,0.511
Afghanistan,Asia,2021-02-16,,,,,38928341,54.422,1803.987,0.511
Albania,Europe,2021-02-10,,,,Pfizer/BioNTech,2877800,104.871,11803.431,0.795
Albania,Europe,2021-02-11,,,,Pfizer/BioNTech,2877800,104.871,11803.431,0.795
Albania,Europe,2021-02-12,,,,Pfizer/BioNTech,2877800,104.871,11803.431,0.795
Albania,Europe,2021-02-13,,,,Pfizer/BioNTech,2877800,104.871,11803.431,0.795
Albania,Europe,2021-02-14,,,,Pfizer/BioNTech,2877800,104.871,11803.431,0.795
Albania,Europe,2021-02-15,,,,Pfizer/BioNTech,2877800,104.871,11803.431,0.795
Albania,Europe,2021-02-16,,,,Pfizer/BioNTech,2877800,104.871,11803.431,0.795
Algeria,Africa,2021-02-10,,,,Sputnik V,43851043,17.348,13913.839,0.748
Algeria,Africa,2021-02-11,,,,Sputnik V,43851043,17.348,13913.839,0.748
Algeria,Africa,2021-02-12,,,,Sputnik V,43851043,17.348,13913.839,0.748
Algeria,Africa,2021-02-13,,,,Sputnik V,43851043,17.348,13913.839,0.748
Algeria,Africa,2021-02-14,,,,Sputnik V,43851043,17.348,13913.839,0.748
Algeria,Africa,2021-02-15,,,,Sputnik V,43851043,17.348,13913.839,0.748
Algeria,Africa,2021-02-16,,,,Sputnik V,43851043,17.348,13913.839,0.748
Andorra,Europe,2021-02-10,,1291,,Pfizer/BioNTech,77265,163.755,,0.868
Andorra,Europe,2021-02-11,,,,Pfizer/BioNTech,77265,163.755,,0.868
Andorra,Europe,2021-02-12,,,,Pfizer/BioNTech,77265,163.755,,0.868
Andorra,Europe,2021-02-13,,,,Pfizer/BioNTech,77265,163.755,,0.868
Andorra,Europe,2021-02-14,,,,Pfizer/BioNTech,77265,163.755,,0.868
Andorra,Europe,2021-02-15,,,,Pfizer/BioNTech,77265,163.755,,0.868
Andorra,Europe,2021-02-16,,,,Pfizer/BioNTech,77265,163.755,,0.868
Angola,Africa,2021-02-10,,,,,32866268,23.89,5819.495,0.581
Angola,Africa,2021-02-11,,,,,32866268,23.89,5819.495,0.581
Angola,Africa,2021-02-12,,,,,32866268,23.89,5819.495,0.581
Angola,Africa,2021-02-13,,,,,32866268,23.89,5819.495,0.581
Angola,Africa,2021-02-14,,,,,32866268,23.89,5819.495,0.581
Angola,Africa,2021-02-15,,,,,32866268,23.89,5819.495,0.581
Angola,Africa,2021-02-16,,,,,32866268,23.89,5819.495,0.581
Anguilla,North America,2021-02-10,,,,Oxford/AstraZeneca,15002,,,
Anguilla,North America,2021-02-11,,,,Oxford/AstraZeneca,15002,,,
Anguilla,North America,2021-02-12,,,,Oxford/AstraZeneca,15002,,,
Anguilla,North America,2021-02-13,,1341,,Oxford/AstraZeneca,15002,,,
Anguilla,North America,2021-02-14,,,,Oxford/AstraZeneca,15002,,,
Anguilla,North America,2021-02-15,,,,Oxford/AstraZeneca,15002,,,
Anguilla,North America,2021-02-16,,,,Oxford/AstraZeneca,15002,,,
Antigua and Barbuda,North America,2021-02-10,,,,,97928,231.845,21490.943,0.778
Antigua and Barbuda,North America,2021-02-11,,,,,97928,231.845,21490.943,0.778
Antigua and Barbuda,North America,2021-02-12,,,,,97928,231.845,21490.943,0.778
Antigua and Barbuda,North America,2021-02-13,,,,,97928,231.845,21490.943,0.778
Antigua and Barbuda,North America,2021-02-14,,,,,97928,231.845,21490.943,0.778
Antigua and Barbuda,North America,2021-02-15,,,,,97928,231.845,21490.943,0.778
Antigua and Barbuda,North America,2021-02-16,,,,,97928,231.845,21490.943,0.778
Argentina,South America,2021-02-10,22125,535303,197531,Sputnik V,45195777,16.177,18933.907,0.845
Argentina,South America,2021-02-11,37625,572928,210279,Sputnik V,45195777,16.177,18933.907,0.845
Argentina,South America,2021-02-12,18704,591632,223609,Sputnik V,45195777,16.177,18933.907,0.845
Argentina,South America,2021-02-13,14613,606245,234616,Sputnik V,45195777,16.177,18933.907,0.845
Argentina,South America,2021-02-14,3360,609605,237483,Sputnik V,45195777,16.177,18933.907,0.845
Argentina,South America,2021-02-15,186,609791,237610,Sputnik V,45195777,16.177,18933.907,0.845
Argentina,South America,2021-02-16,1378,611169,237916,Sputnik V,45195777,16.177,18933.907,0.845
Armenia,Asia,2021-02-10,,,,,2963234,102.931,8787.58,0.776
Armenia,Asia,2021-02-11,,,,,2963234,102.931,8787.58,0.776
Armenia,Asia,2021-02-12,,,,,2963234,102.931,8787.58,0.776
Armenia,Asia,2021-02-13,,,,,2963234,102.931,8787.58,0.776
Armenia,Asia,2021-02-14,,,,,2963234,102.931,8787.58,0.776
Armenia,Asia,2021-02-15,,,,,2963234,102.931,8787.58,0.776
Armenia,Asia,2021-02-16,,,,,2963234,102.931,8787.58,0.776
Australia,Oceania,2021-02-10,,,,,25499881,3.202,44648.71,0.944
Australia,Oceania,2021-02-11,,,,,25499881,3.202,44648.71,0.944
Australia,Oceania,2021-02-12,,,,,25499881,3.202,44648.71,0.944
Australia,Oceania,2021-02-13,,,,,25499881,3.202,44648.71,0.944
Australia,Oceania,2021-02-14,,,,,25499881,3.202,44648.71,0.944
Australia,Oceania,2021-02-15,,,,,25499881,3.202,44648.71,0.944
Australia,Oceania,2021-02-16,,,,,25499881,3.202,44648.71,0.944
Austria,Europe,2021-02-10,18660,329881,90983,Moderna,9006400,106.749,45436.686,0.922
Austria,Europe,2021-02-11,13188,343069,106450,Moderna,9006400,106.749,45436.686,0.922
Austria,Europe,2021-02-12,22345,365414,122349,Moderna,9006400,106.749,45436.686,0.922
Austria,Europe,2021-02-13,3352,368766,136564,Moderna,9006400,106.749,45436.686,0.922
Austria,Europe,2021-02-14,5268,374034,141922,Moderna,9006400,106.749,45436.686,0.922
Austria,Europe,2021-02-15,4171,378205,143889,Moderna,9006400,106.749,45436.686,0.922
Austria,Europe,2021-02-16,,,151477,Moderna,9006400,106.749,45436.686,0.922
Azerbaijan,Asia,2021-02-10,,,,Oxford/AstraZeneca,10139175,119.309,15847.419,0.756
Azerbaijan,Asia,2021-02-11,,,,Oxford/AstraZeneca,10139175,119.309,15847.419,0.756
Azerbaijan,Asia,2021-02-12,,,,Oxford/AstraZeneca,10139175,119.309,15847.419,0.756
Azerbaijan,Asia,2021-02-13,,,,Oxford/AstraZeneca,10139175,119.309,15847.419,0.756
Azerbaijan,Asia,2021-02-14,,,,Oxford/AstraZeneca,10139175,119.309,15847.419,0.756
Azerbaijan,Asia,2021-02-15,,,,Oxford/AstraZeneca,10139175,119.309,15847.419,0.756
Azerbaijan,Asia,2021-02-16,,,,Oxford/AstraZeneca,10139175,119.309,15847.419,0.756
Bahamas,North America,2021-02-10,,,,,393248,39.497,27717.847,0.814
Bahamas,North America,2021-02-11,,,,,393248,39.497,27717.847,0.814
Bahamas,North America,2021-02-12,,,,,393248,39.497,27717.847,0.814
Bahamas,North America,2021-02-13,,,,,393248,39.497,27717.847,0.814
Bahamas,North America,2021-02-14,,,,,393248,39.497,27717.847,0.814
Bahamas,North America,2021-02-15,,,,,393248,39.497,27717.847,0.814
Bahamas,North America,2021-02-16,,,,,393248,39.497,27717.847,0.814
Bahrain,Asia,2021-02-10,6655,219595,,Pfizer/BioNTech,1701583,1935.907,43290.705,0.852
Bahrain,Asia,2021-02-11,5324,224919,,Pfizer/BioNTech,1701583,1935.907,43290.705,0.852
Bahrain,Asia,2021-02-12,7621,232540,,Pfizer/BioNTech,1701583,1935.907,43290.705,0.852
Bahrain,Asia,2021-02-13,9720,242260,,Pfizer/BioNTech,1701583,1935.907,43290.705,0.852
Bahrain,Asia,2021-02-14,6515,248775,,Pfizer/BioNTech,1701583,1935.907,43290.705,0.852
Bahrain,Asia,2021-02-15,2171,250946,,Pfizer/BioNTech,1701583,1935.907,43290.705,0.852
Bahrain,Asia,2021-02-16,2044,252990,,Pfizer/BioNTech,1701583,1935.907,43290.705,0.852
Bangladesh,Asia,2021-02-10,158451,337769,,Oxford/AstraZeneca,164689383,1265.036,3523.984,0.632
Bangladesh,Asia,2021-02-11,,,,Oxford/AstraZeneca,164689383,1265.036,3523.984,0.632
Bangladesh,Asia,2021-02-12,,,,Oxford/AstraZeneca,164689383,1265.036,3523.984,0.632
Bangladesh,Asia,2021-02-13,,736680,,Oxford/AstraZeneca,164689383,1265.036,3523.984,0.632
Bangladesh,Asia,2021-02-14,169353,906033,,Oxford/AstraZeneca,164689383,1265.036,3523.984,0.632
Bangladesh,Asia,2021-02-15,226678,1132711,,Oxford/AstraZeneca,164689383,1265.036,3523.984,0.632
Bangladesh,Asia,2021-02-16,226902,1359613,,Oxford/AstraZeneca,164689383,1265.036,3523.984,0.632
Barbados,North America,2021-02-10,,,,,287371,664.463,16978.068,0.814
Barbados,North America,2021-02-11,,,,,287371,664.463,16978.068,0.814
Barbados,North America,2021-02-12,,,,,287371,664.463,16978.068,0.814
Barbados,North America,2021-02-13,,,,,287371,664.463,16978.068,0.814
Barbados,North America,2021-02-14,,,,,287371,664.463,16978.068,0.814
Barbados,North America,2021-02-15,,,,,287371,664.463,16978.068,0.814
Barbados,North America,2021-02-16,,,,,287371,664.463,16978.068,0.814
Belarus,Europe,2021-02-10,,,,,9449321,46.858,17167.967,0.823
Belarus,Europe,2021-02-11,,,,,9449321,46.858,17167.967,0.823
Belarus,Europe,2021-02-12,,,,,9449321,46.858,17167.967,0.823
Belarus,Europe,2021-02-13,,,,,9449321,46.858,17167.967,0.823
Belarus,Europe,2021-02-14,,,,,9449321,46.858,17167.967,0.823
Belarus,Europe,2021-02-15,,,,,9449321,46.858,17167.967,0.823
Belarus,Europe,2021-02-16,,,,,9449321,46.858,17167.967,0.823
Belgium,Europe,2021-02-10,22334,507439,150197,Moderna,11589616,375.564,42658.576,0.931
Belgium,Europe,2021-02-11,29762,537201,173168,Moderna,11589616,375.564,42658.576,0.931
Belgium,Europe,2021-02-12,25107,562308,193302,Moderna,11589616,375.564,42658.576,0.931
Belgium,Europe,2021-02-13,5290,567598,198296,Moderna,11589616,375.564,42658.576,0.931
Belgium,Europe,2021-02-14,1490,569088,199733,Moderna,11589616,375.564,42658.576,0.931
Belgium,Europe,2021-02-15,4686,573774,203755,Moderna,11589616,375.564,42658.576,0.931
Belgium,Europe,2021-02-16,,,,Moderna,11589616,375.564,42658.576,0.931
Belize,North America,2021-02-10,,,,,397621,16.426,7824.362,0.716
Belize,North America,2021-02-11,,,,,397621,16.426,7824.362,0.716
Belize,North America,2021-02-12,,,,,397621,16.426,7824.362,0.716
Belize,North America,2021-02-13,,,,,397621,16.426,7824.362,0.716
Belize,North America,2021-02-14,,,,,397621,16.426,7824.362,0.716
Belize,North America,2021-02-15,,,,,397621,16.426,7824.362,0.716
Belize,North America,2021-02-16,,,,,397621,16.426,7824.362,0.716
Benin,Africa,2021-02-10,,,,,12123198,99.11,2064.236,0.545
Benin,Africa,2021-02-11,,,,,12123198,99.11,2064.236,0.545
Benin,Africa,2021-02-12,,,,,12123198,99.11,2064.236,0.545
Benin,Africa,2021-02-13,,,,,12123198,99.11,2064.236,0.545
Benin,Africa,2021-02-14,,,,,12123198,99.11,2064.236,0.545
Benin,Africa,2021-02-15,,,,,12123198,99.11,2064.236,0.545
Benin,Africa,2021-02-16,,,,,12123198,99.11,2064.236,0.545
Bermuda,North America,2021-02-10,,,,Pfizer/BioNTech,62273,1308.82,50669.315,
Bermuda,North America,2021-02-11,,,,Pfizer/BioNTech,62273,1308.82,50669.315,
Bermuda,North America,2021-02-12,,,,Pfizer/BioNTech,62273,1308.82,50669.315,
Bermuda,North America,2021-02-13,,,,Pfizer/BioNTech,62273,1308.82,50669.315,
Bermuda,North America,2021-02-14,,,,Pfizer/BioNTech,62273,1308.82,50669.315,
Bermuda,North America,2021-02-15,,13155,,Pfizer/BioNTech,62273,1308.82,50669.315,
Bermuda,North America,2021-02-16,,,,Pfizer/BioNTech,62273,1308.82,50669.315,
Bhutan,Asia,2021-02-10,,,,,771612,21.188,8708.597,0.654
Bhutan,Asia,2021-02-11,,,,,771612,21.188,8708.597,0.654
Bhutan,Asia,2021-02-12,,,,,771612,21.188,8708.597,0.654
Bhutan,Asia,2021-02-13,,,,,771612,21.188,8708.597,0.654
Bhutan,Asia,2021-02-14,,,,,771612,21.188,8708.597,0.654
Bhutan,Asia,2021-02-15,,,,,771612,21.188,8708.597,0.654
Bhutan,Asia,2021-02-16,,,,,771612,21.188,8708.597,0.654
Bolivia,South America,2021-02-10,,,,Sputnik V,11673029,10.202,6885.829,0.718
Bolivia,South America,2021-02-11,,10167,,Sputnik V,11673029,10.202,6885.829,0.718
Bolivia,South America,2021-02-12,,,,Sputnik V,11673029,10.202,6885.829,0.718
Bolivia,South America,2021-02-13,,,,Sputnik V,11673029,10.202,6885.829,0.718
Bolivia,South America,2021-02-14,,,,Sputnik V,11673029,10.202,6885.829,0.718
Bolivia,South America,2021-02-15,,,,Sputnik V,11673029,10.202,6885.829,0.718
Bolivia,South America,2021-02-16,,,,Sputnik V,11673029,10.202,6885.829,0.718
Bosnia and Herzegovina,Europe,2021-02-10,,,,,3280815,68.496,11713.895,0.78
Bosnia and Herzegovina,Europe,2021-02-11,,,,,3280815,68.496,11713.895,0.78
Bosnia and Herzegovina,Europe,2021-02-12,,,,,3280815,68.496,11713.895,0.78
Bosnia and Herzegovina,Europe,2021-02-13,,,,,3280815,68.496,11713.895,0.78
Bosnia and Herzegovina,Europe,2021-02-14,,,,,3280815,68.496,11713.895,0.78
Bosnia and Herzegovina,Europe,2021-02-15,,,,,3280815,68.496,11713.895,0.78
Bosnia and Herzegovina,Europe,2021-02-16,,,,,3280815,68.496,11713.895,0.78
Botswana,Africa,2021-02-10,,,,,2351625,4.044,15807.374,0.735
Botswana,Africa,2021-02-11,,,,,2351625,4.044,15807.374,0.735
Botswana,Africa,2021-02-12,,,,,2351625,4.044,15807.374,0.735
Botswana,Africa,2021-02-13,,,,,2351625,4.044,15807.374,0.735
Botswana,Africa,2021-02-14,,,,,2351625,4.044,15807.374,0.735
Botswana,Africa,2021-02-15,,,,,2351625,4.044,15807.374,0.735
Botswana,Africa,2021-02-16,,,,,2351625,4.044,15807.374,0.735
Brazil,South America,2021-02-10,300125,4120332,50655,Oxford/AstraZeneca,212559409,25.04,14103.452,0.765
Brazil,South America,2021-02-11,286503,4406835,80760,Oxford/AstraZeneca,212559409,25.04,14103.452,0.765
Brazil,South America,2021-02-12,289301,4696136,109866,Oxford/AstraZeneca,212559409,25.04,14103.452,0.765
Brazil,South America,2021-02-13,429070,5125206,178468,Oxford/AstraZeneca,212559409,25.04,14103.452,0.765
Brazil,South America,2021-02-14,111737,5236943,194230,Oxford/AstraZeneca,212559409,25.04,14103.452,0.765
Brazil,South America,2021-02-15,57036,5293979,217869,Oxford/AstraZeneca,212559409,25.04,14103.452,0.765
Brazil,South America,2021-02-16,315958,5609937,285620,Oxford/AstraZeneca,212559409,25.04,14103.452,0.765
Brunei,Asia,2021-02-10,,,,,437483,81.347,71809.251,0.838
Brunei,Asia,2021-02-11,,,,,437483,81.347,71809.251,0.838
Brunei,Asia,2021-02-12,,,,,437483,81.347,71809.251,0.838
Brunei,Asia,2021-02-13,,,,,437483,81.347,71809.251,0.838
Brunei,Asia,2021-02-14,,,,,437483,81.347,71809.251,0.838
Brunei,Asia,2021-02-15,,,,,437483,81.347,71809.251,0.838
Brunei,Asia,2021-02-16,,,,,437483,81.347,71809.251,0.838
Bulgaria,Europe,2021-02-10,3735,66163,18612,Moderna,6948445,65.18,18563.307,0.816
Bulgaria,Europe,2021-02-11,4960,71123,19688,Moderna,6948445,65.18,18563.307,0.816
Bulgaria,Europe,2021-02-12,3571,74694,20571,Moderna,6948445,65.18,18563.307,0.816
Bulgaria,Europe,2021-02-13,626,75320,20674,Moderna,6948445,65.18,18563.307,0.816
Bulgaria,Europe,2021-02-14,68,75388,20698,Moderna,6948445,65.18,18563.307,0.816
Bulgaria,Europe,2021-02-15,2048,77436,21323,Moderna,6948445,65.18,18563.307,0.816
Bulgaria,Europe,2021-02-16,3902,81338,22776,Moderna,6948445,65.18,18563.307,0.816
Burkina Faso,Africa,2021-02-10,,,,,20903278,70.151,1703.102,0.452
Burkina Faso,Africa,2021-02-11,,,,,20903278,70.151,1703.102,0.452
Burkina Faso,Africa,2021-02-12,,,,,20903278,70.151,1703.102,0.452
Burkina Faso,Africa,2021-02-13,,,,,20903278,70.151,1703.102,0.452
Burkina Faso,Africa,2021-02-14,,,,,20903278,70.151,1703.102,0.452
Burkina Faso,Africa,2021-02-15,,,,,20903278,70.151,1703.102,0.452
Burkina Faso,Africa,2021-02-16,,,,,20903278,70.151,1703.102,0.452
Burundi,Africa,2021-02-10,,,,,11890781,423.062,702.225,0.433
Burundi,Africa,2021-02-11,,,,,11890781,423.062,702.225,0.433
Burundi,Africa,2021-02-12,,,,,11890781,423.062,702.225,0.433
Burundi,Africa,2021-02-13,,,,,11890781,423.062,702.225,0.433
Burundi,Africa,2021-02-14,,,,,11890781,423.062,702.225,0.433
Burundi,Africa,2021-02-15,,,,,11890781,423.062,702.225,0.433
Burundi,Africa,2021-02-16,,,,,11890781,423.062,702.225,0.433
Cambodia,Asia,2021-02-10,1492,1492,,Sinopharm/Beijing,16718971,90.672,3645.07,0.594
Cambodia,Asia,2021-02-11,,,,Sinopharm/Beijing,16718971,90.672,3645.07,0.594
Cambodia,Asia,2021-02-12,,,,Sinopharm/Beijing,16718971,90.672,3645.07,0.594
Cambodia,Asia,2021-02-13,,,,Sinopharm/Beijing,16718971,90.672,3645.07,0.594
Cambodia,Asia,2021-02-14,,,,Sinopharm/Beijing,16718971,90.672,3645.07,0.594
Cambodia,Asia,2021-02-15,,,,Sinopharm/Beijing,16718971,90.672,3645.07,0.594
Cambodia,Asia,2021-02-16,,,,Sinopharm/Beijing,16718971,90.672,3645.07,0.594
Cameroon,Africa,2021-02-10,,,,,26545864,50.885,3364.926,0.563
Cameroon,Africa,2021-02-11,,,,,26545864,50.885,3364.926,0.563
Cameroon,Africa,2021-02-12,,,,,26545864,50.885,3364.926,0.563
Cameroon,Africa,2021-02-13,,,,,26545864,50.885,3364.926,0.563
Cameroon,Africa,2021-02-14,,,,,26545864,50.885,3364.926,0.563
Cameroon,Africa,2021-02-15,,,,,26545864,50.885,3364.926,0.563
Cameroon,Africa,2021-02-16,,,,,26545864,50.885,3364.926,0.563
Canada,North America,2021-02-10,34693,1153987,,Moderna,37742157,4.037,44017.591,0.929
Canada,North America,2021-02-11,32413,1186400,,Moderna,37742157,4.037,44017.591,0.929
Canada,North America,2021-02-12,35139,1221539,,Moderna,37742157,4.037,44017.591,0.929
Canada,North America,2021-02-13,,,,Moderna,37742157,4.037,44017.591,0.929
Canada,North America,2021-02-14,,,,Moderna,37742157,4.037,44017.591,0.929
Canada,North America,2021-02-15,,1272929,,Moderna,37742157,4.037,44017.591,0.929
Canada,North America,2021-02-16,33855,1306784,,Moderna,37742157,4.037,44017.591,0.929
Cape Verde,Africa,2021-02-10,,,,,555988,135.58,6222.554,0.665
Cape Verde,Africa,2021-02-11,,,,,555988,135.58,6222.554,0.665
Cape Verde,Africa,2021-02-12,,,,,555988,135.58,6222.554,0.665
Cape Verde,Africa,2021-02-13,,,,,555988,135.58,6222.554,0.665
Cape Verde,Africa,2021-02-14,,,,,555988,135.58,6222.554,0.665
Cape Verde,Africa,2021-02-15,,,,,555988,135.58,6222.554,0.665
Cape Verde,Africa,2021-02-16,,,,,555988,135.58,6222.554,0.665
Cayman Islands,North America,2021-02-10,477,14086,5174,Pfizer/BioNTech,65720,256.496,49903.029,
Cayman Islands,North America,2021-02-11,,,,Pfizer/BioNTech,65720,256.496,49903.029,
Cayman Islands,North America,2021-02-12,,15543,6371,Pfizer/BioNTech,65720,256.496,49903.029,
Cayman Islands,North America,2021-02-13,,,,Pfizer/BioNTech,65720,256.496,49903.029,
Cayman Islands,North America,2021-02-14,,,,Pfizer/BioNTech,65720,256.496,49903.029,
Cayman Islands,North America,2021-02-15,,,,Pfizer/BioNTech,65720,256.496,49903.029,
Cayman Islands,North America,2021-02-16,,,,Pfizer/BioNTech,65720,256.496,49903.029,
Central African Republic,Africa,2021-02-10,,,,,4829764,7.479,661.24,0.397
Central African Republic,Africa,2021-02-11,,,,,4829764,7.479,661.24,0.397
Central African Republic,Africa,2021-02-12,,,,,4829764,7.479,661.24,0.397
Central African Republic,Africa,2021-02-13,,,,,4829764,7.479,661.24,0.397
Central African Republic,Africa,2021-02-14,,,,,4829764,7.479,661.24,0.397
Central African Republic,Africa,2021-02-15,,,,,4829764,7.479,661.24,0.397
Central African Republic,Africa,2021-02-16,,,,,4829764,7.479,661.24,0.397
Chad,Africa,2021-02-10,,,,,16425859,11.833,1768.153,0.398
Chad,Africa,2021-02-11,,,,,16425859,11.833,1768.153,0.398
Chad,Africa,2021-02-12,,,,,16425859,11.833,1768.153,0.398
Chad,Africa,2021-02-13,,,,,16425859,11.833,1768.153,0.398
Chad,Africa,2021-02-14,,,,,16425859,11.833,1768.153,0.398
Chad,Africa,2021-02-15,,,,,16425859,11.833,1768.153,0.398
Chad,Africa,2021-02-16,,,,,16425859,11.833,1768.153,0.398
Chile,South America,2021-02-10,277806,1399150,52240,Pfizer/BioNTech,19116209,24.282,22767.037,0.851
Chile,South America,2021-02-11,251194,1650344,54781,Pfizer/BioNTech,19116209,24.282,22767.037,0.851
Chile,South America,2021-02-12,227349,1877693,54984,Pfizer/BioNTech,19116209,24.282,22767.037,0.851
Chile,South America,2021-02-13,29482,1907175,55018,Pfizer/BioNTech,19116209,24.282,22767.037,0.851
Chile,South America,2021-02-14,4447,1911622,55018,Pfizer/BioNTech,19116209,24.282,22767.037,0.851
Chile,South America,2021-02-15,262257,2173879,55018,Pfizer/BioNTech,19116209,24.282,22767.037,0.851
Chile,South America,2021-02-16,201846,2375725,55028,Pfizer/BioNTech,19116209,24.282,22767.037,0.851
China,Asia,2021-02-10,,,,Sinopharm/Beijing,1439323774,147.674,15308.712,0.761
China,Asia,2021-02-11,,,,Sinopharm/Beijing,1439323774,147.674,15308.712,0.761
China,Asia,2021-02-12,,,,Sinopharm/Beijing,1439323774,147.674,15308.712,0.761
China,Asia,2021-02-13,,,,Sinopharm/Beijing,1439323774,147.674,15308.712,0.761
China,Asia,2021-02-14,,,,Sinopharm/Beijing,1439323774,147.674,15308.712,0.761
China,Asia,2021-02-15,,,,Sinopharm/Beijing,1439323774,147.674,15308.712,0.761
China,Asia,2021-02-16,,,,Sinopharm/Beijing,1439323774,147.674,15308.712,0.761
Colombia,South America,2021-02-10,,,,,50882884,44.223,13254.949,0.767
Colombia,South America,2021-02-11,,,,,50882884,44.223,13254.949,0.767
Colombia,South America,2021-02-12,,,,,50882884,44.223,13254.949,0.767
Colombia,South America,2021-02-13,,,,,50882884,44.223,13254.949,0.767
Colombia,South America,2021-02-14,,,,,50882884,44.223,13254.949,0.767
Colombia,South America,2021-02-15,,,,,50882884,44.223,13254.949,0.767
Colombia,South America,2021-02-16,,,,,50882884,44.223,13254.949,0.767
Comoros,Africa,2021-02-10,,,,,869595,437.352,1413.89,0.554
Comoros,Africa,2021-02-11,,,,,869595,437.352,1413.89,0.554
Comoros,Africa,2021-02-12,,,,,869595,437.352,1413.89,0.554
Comoros,Africa,2021-02-13,,,,,869595,437.352,1413.89,0.554
Comoros,Africa,2021-02-14,,,,,869595,437.352,1413.89,0.554
Comoros,Africa,2021-02-15,,,,,869595,437.352,1413.89,0.554
Comoros,Africa,2021-02-16,,,,,869595,437.352,1413.89,0.554
Congo,Africa,2021-02-10,,,,,5518092,15.405,4881.406,0.574
Congo,Africa,2021-02-11,,,,,5518092,15.405,4881.406,0.574
Congo,Africa,2021-02-12,,,,,5518092,15.405,4881.406,0.574
Congo,Africa,2021-02-13,,,,,5518092,15.405,4881.406,0.574
Congo,Africa,2021-02-14,,,,,5518092,15.405,4881.406,0.574
Congo,Africa,2021-02-15,,,,,5518092,15.405,4881.406,0.574
Congo,Africa,2021-02-16,,,,,5518092,15.405,4881.406,0.574
Costa Rica,North America,2021-02-10,,,,Pfizer/BioNTech,5094114,96.079,15524.995,0.81
Costa Rica,North America,2021-02-11,,,,Pfizer/BioNTech,5094114,96.079,15524.995,0.81
Costa Rica,North America,2021-02-12,,,,Pfizer/BioNTech,5094114,96.079,15524.995,0.81
Costa Rica,North America,2021-02-13,,,,Pfizer/BioNTech,5094114,96.079,15524.995,0.81
Costa Rica,North America,2021-02-14,,,,Pfizer/BioNTech,5094114,96.079,15524.995,0.81
Costa Rica,North America,2021-02-15,,96948,42553,Pfizer/BioNTech,5094114,96.079,15524.995,0.81
Costa Rica,North America,2021-02-16,,,,Pfizer/BioNTech,5094114,96.079,15524.995,0.81
Cote d'Ivoire,Africa,2021-02-10,,,,,26378275,76.399,3601.006,0.538
Cote d'Ivoire,Africa,2021-02-11,,,,,26378275,76.399,3601.006,0.538
Cote d'Ivoire,Africa,2021-02-12,,,,,26378275,76.399,3601.006,0.538
Cote d'Ivoire,Africa,2021-02-13,,,,,26378275,76.399,3601.006,0.538
Cote d'Ivoire,Africa,2021-02-14,,,,,26378275,76.399,3601.006,0.538
Cote d'Ivoire,Africa,2021-02-15,,,,,26378275,76.399,3601.006,0.538
Cote d'Ivoire,Africa,2021-02-16,,,,,26378275,76.399,3601.006,0.538
Croatia,Europe,2021-02-10,,,,Pfizer/BioNTech,4105268,73.726,22669.797,0.851
Croatia,Europe,2021-02-11,,112774,47969,Pfizer/BioNTech,4105268,73.726,22669.797,0.851
Croatia,Europe,2021-02-12,,,,Pfizer/BioNTech,4105268,73.726,22669.797,0.851
Croatia,Europe,2021-02-13,,,,Pfizer/BioNTech,4105268,73.726,22669.797,0.851
Croatia,Europe,2021-02-14,,,,Pfizer/BioNTech,4105268,73.726,22669.797,0.851
Croatia,Europe,2021-02-15,,120603,52778,Pfizer/BioNTech,4105268,73.726,22669.797,0.851
Croatia,Europe,2021-02-16,,,,Pfizer/BioNTech,4105268,73.726,22669.797,0.851
Cuba,North America,2021-02-10,,,,,11326616,110.408,,0.783
Cuba,North America,2021-02-11,,,,,11326616,110.408,,0.783
Cuba,North America,2021-02-12,,,,,11326616,110.408,,0.783
Cuba,North America,2021-02-13,,,,,11326616,110.408,,0.783
Cuba,North America,2021-02-14,,,,,11326616,110.408,,0.783
Cuba,North America,2021-02-15,,,,,11326616,110.408,,0.783
Cuba,North America,2021-02-16,,,,,11326616,110.408,,0.783
Cyprus,Europe,2021-02-10,,,,Pfizer/BioNTech,875899,127.657,32415.132,0.887
Cyprus,Europe,2021-02-11,,55673,14000,Pfizer/BioNTech,875899,127.657,32415.132,0.887
Cyprus,Europe,2021-02-12,,,,Pfizer/BioNTech,875899,127.657,32415.132,0.887
Cyprus,Europe,2021-02-13,,,,Pfizer/BioNTech,875899,127.657,32415.132,0.887
Cyprus,Europe,2021-02-14,,,,Pfizer/BioNTech,875899,127.657,32415.132,0.887
Cyprus,Europe,2021-02-15,,,,Pfizer/BioNTech,875899,127.657,32415.132,0.887
Cyprus,Europe,2021-02-16,,,,Pfizer/BioNTech,875899,127.657,32415.132,0.887
Czechia,Europe,2021-02-10,18018,405398,131347,Moderna,10708982,137.176,32605.906,0.9
Czechia,Europe,2021-02-11,21198,426596,146819,Moderna,10708982,137.176,32605.906,0.9
Czechia,Europe,2021-02-12,19497,446093,160697,Moderna,10708982,137.176,32605.906,0.9
Czechia,Europe,2021-02-13,4109,450202,163390,Moderna,10708982,137.176,32605.906,0.9
Czechia,Europe,2021-02-14,2208,452410,164656,Moderna,10708982,137.176,32605.906,0.9
Czechia,Europe,2021-02-15,14168,466578,173269,Moderna,10708982,137.176,32605.906,0.9
Czechia,Europe,2021-02-16,,,,Moderna,10708982,137.176,32605.906,0.9
Democratic Republic of Congo,Africa,2021-02-10,,,,,89561404,35.879,808.133,0.48
Democratic Republic of Congo,Africa,2021-02-11,,,,,89561404,35.879,808.133,0.48
Democratic Republic of Congo,Africa,2021-02-12,,,,,89561404,35.879,808.133,0.48
Democratic Republic of Congo,Africa,2021-02-13,,,,,89561404,35.879,808.133,0.48
Democratic Republic of Congo,Africa,2021-02-14,,,,,89561404,35.879,808.133,0.48
Democratic Republic of Congo,Africa,2021-02-15,,,,,89561404,35.879,808.133,0.48
Democratic Republic of Congo,Africa,2021-02-16,,,,,89561404,35.879,808.133,0.48
Denmark,Europe,2021-02-10,7171,363467,156776,Moderna,5792203,136.52,46682.515,0.94
Denmark,Europe,2021-02-11,8054,371521,159220,Moderna,5792203,136.52,46682.515,0.94
Denmark,Europe,2021-02-12,19110,390631,166642,Moderna,5792203,136.52,46682.515,0.94
Denmark,Europe,2021-02-13,7439,398070,167539,Moderna,5792203,136.52,46682.515,0.94
Denmark,Europe,2021-02-14,6745,404815,168170,Moderna,5792203,136.52,46682.515,0.94
Denmark,Europe,2021-02-15,17012,421827,171527,Moderna,5792203,136.52,46682.515,0.94
Denmark,Europe,2021-02-16,,,,Moderna,5792203,136.52,46682.515,0.94
Djibouti,Africa,2021-02-10,,,,,988002,41.285,2705.406,0.524
Djibouti,Africa,2021-02-11,,,,,988002,41.285,2705.406,0.524
Djibouti,Africa,2021-02-12,,,,,988002,41.285,2705.406,0.524
Djibouti,Africa,2021-02-13,,,,,988002,41.285,2705.406,0.524
Djibouti,Africa,2021-02-14,,,,,988002,41.285,2705.406,0.524
Djibouti,Africa,2021-02-15,,,,,988002,41.285,2705.406,0.524
Djibouti,Africa,2021-02-16,,,,,988002,41.285,2705.406,0.524
Dominica,North America,2021-02-10,,,,,71991,98.567,9673.367,0.742
Dominica,North America,2021-02-11,,,,,71991,98.567,9673.367,0.742
Dominica,North America,2021-02-12,,,,,71991,98.567,9673.367,0.742
Dominica,North America,2021-02-13,,,,,71991,98.567,9673.367,0.742
Dominica,North America,2021-02-14,,,,,71991,98.567,9673.367,0.742
Dominica,North America,2021-02-15,,,,,71991,98.567,9673.367,0.742
Dominica,North America,2021-02-16,,,,,71991,98.567,9673.367,0.742
Dominican Republic,North America,2021-02-10,,,,,10847904,222.873,14600.861,0.756
Dominican Republic,North America,2021-02-11,,,,,10847904,222.873,14600.861,0.756
Dominican Republic,North America,2021-02-12,,,,,10847904,222.873,14600.861,0.756
Dominican Republic,North America,2021-02-13,,,,,10847904,222.873,14600.861,0.756
Dominican Republic,North America,2021-02-14,,,,,10847904,222.873,14600.861,0.756
Dominican Republic,North America,2021-02-15,,,,,10847904,222.873,14600.861,0.756
Dominican Republic,North America,2021-02-16,,,,,10847904,222.873,14600.861,0.756
Ecuador,South America,2021-02-10,,,,Pfizer/BioNTech,17643060,66.939,10581.936,0.759
Ecuador,South America,2021-02-11,,,,Pfizer/BioNTech,17643060,66.939,10581.936,0.759
Ecuador,South America,2021-02-12,,,,Pfizer/BioNTech,17643060,66.939,10581.936,0.759
Ecuador,South America,2021-02-13,,,,Pfizer/BioNTech,17643060,66.939,10581.936,0.759
Ecuador,South America,2021-02-14,,,,Pfizer/BioNTech,17643060,66.939,10581.936,0.759
Ecuador,South America,2021-02-15,,,,Pfizer/BioNTech,17643060,66.939,10581.936,0.759
Ecuador,South America,2021-02-16,,,,Pfizer/BioNTech,17643060,66.939,10581.936,0.759
Egypt,Africa,2021-02-10,,,,Sinopharm/Beijing,102334403,97.999,10550.206,0.707
Egypt,Africa,2021-02-11,,,,Sinopharm/Beijing,102334403,97.999,10550.206,0.707
Egypt,Africa,2021-02-12,,,,Sinopharm/Beijing,102334403,97.999,10550.206,0.707
Egypt,Africa,2021-02-13,,,,Sinopharm/Beijing,102334403,97.999,10550.206,0.707
Egypt,Africa,2021-02-14,,,,Sinopharm/Beijing,102334403,97.999,10550.206,0.707
Egypt,Africa,2021-02-15,,,,Sinopharm/Beijing,102334403,97.999,10550.206,0.707
Egypt,Africa,2021-02-16,,,,Sinopharm/Beijing,102334403,97.999,10550.206,0.707
El Salvador,North America,2021-02-10,,,,,6486201,307.811,7292.458,0.673
El Salvador,North America,2021-02-11,,,,,6486201,307.811,7292.458,0.673
El Salvador,North America,2021-02-12,,,,,6486201,307.811,7292.458,0.673
El Salvador,North America,2021-02-13,,,,,6486201,307.811,7292.458,0.673
El Salvador,North America,2021-02-14,,,,,6486201,307.811,7292.458,0.673
El Salvador,North America,2021-02-15,,,,,6486201,307.811,7292.458,0.673
El Salvador,North America,2021-02-16,,,,,6486201,307.811,7292.458,0.673
Equatorial Guinea,Africa,2021-02-10,,,,,1402985,45.194,22604.873,0.592
Equatorial Guinea,Africa,2021-02-11,,,,,1402985,45.194,22604.873,0.592
Equatorial Guinea,Africa,2021-02-12,,,,,1402985,45.194,22604.873,0.592
Equatorial Guinea,Africa,2021-02-13,,,,,1402985,45.194,22604.873,0.592
Equatorial Guinea,Africa,2021-02-14,,,,,1402985,45.194,22604.873,0.592
Equatorial Guinea,Africa,2021-02-15,,,,,1402985,45.194,22604.873,0.592
Equatorial Guinea,Africa,2021-02-16,,,,,1402985,45.194,22604.873,0.592
Eritrea,Africa,2021-02-10,,,,,3546427,44.304,1510.459,0.459
Eritrea,Africa,2021-02-11,,,,,3546427,44.304,1510.459,0.459
Eritrea,Africa,2021-02-12,,,,,3546427,44.304,1510.459,0.459
Eritrea,Africa,2021-02-13,,,,,3546427,44.304,1510.459,0.459
Eritrea,Africa,2021-02-14,,,,,3546427,44.304,1510.459,0.459
Eritrea,Africa,2021-02-15,,,,,3546427,44.304,1510.459,0.459
Eritrea,Africa,2021-02-16,,,,,3546427,44.304,1510.459,0.459
Estonia,Europe,2021-02-10,,58261,19114,Moderna,1326539,31.033,29481.252,0.892
Estonia,Europe,2021-02-11,3496,61757,20026,Moderna,1326539,31.033,29481.252,0.892
Estonia,Europe,2021-02-12,4041,65798,21312,Moderna,1326539,31.033,29481.252,0.892
Estonia,Europe,2021-02-13,2348,68146,22126,Moderna,1326539,31.033,29481.252,0.892
Estonia,Europe,2021-02-14,290,68436,22284,Moderna,1326539,31.033,29481.252,0.892
Estonia,Europe,2021-02-15,61,68497,22343,Moderna,1326539,31.033,29481.252,0.892
Estonia,Europe,2021-02-16,816,69313,22573,Moderna,1326539,31.033,29481.252,0.892
Eswatini,Africa,2021-02-10,,,,,1160164,79.492,7738.975,0.611
Eswatini,Africa,2021-02-11,,,,,1160164,79.492,7738.975,0.611
Eswatini,Africa,2021-02-12,,,,,1160164,79.492,7738.975,0.611
Eswatini,Africa,2021-02-13,,,,,1160164,79.492,7738.975,0.611
Eswatini,Africa,2021-02-14,,,,,1160164,79.492,7738.975,0.611
Eswatini,Africa,2021-02-15,,,,,1160164,79.492,7738.975,0.611
Eswatini,Africa,2021-02-16,,,,,1160164,79.492,7738.975,0.611
Ethiopia,Africa,2021-02-10,,,,,114963583,104.957,1729.927,0.485
Ethiopia,Africa,2021-02-11,,,,,114963583,104.957,1729.927,0.485
Ethiopia,Africa,2021-02-12,,,,,114963583,104.957,1729.927,0.485
Ethiopia,Africa,2021-02-13,,,,,114963583,104.957,1729.927,0.485
Ethiopia,Africa,2021-02-14,,,,,114963583,104.957,1729.927,0.485
Ethiopia,Africa,2021-02-15,,,,,114963583,104.957,1729.927,0.485
Ethiopia,Africa,2021-02-16,,,,,114963583,104.957,1729.927,0.485
Faeroe Islands,Europe,2021-02-10,,5355,1221,Pfizer/BioNTech,48865,35.308,,
Faeroe Islands,Europe,2021-02-11,,,,Pfizer/BioNTech,48865,35.308,,
Faeroe Islands,Europe,2021-02-12,,,,Pfizer/BioNTech,48865,35.308,,
Faeroe Islands,Europe,2021-02-13,,,,Pfizer/BioNTech,48865,35.308,,
Faeroe Islands,Europe,2021-02-14,,,,Pfizer/BioNTech,48865,35.308,,
Faeroe Islands,Europe,2021-02-15,,,,Pfizer/BioNTech,48865,35.308,,
Faeroe Islands,Europe,2021-02-16,,,,Pfizer/BioNTech,48865,35.308,,
Fiji,Oceania,2021-02-10,,,,,896444,49.562,8702.975,0.743
Fiji,Oceania,2021-02-11,,,,,896444,49.562,8702.975,0.743
Fiji,Oceania,2021-02-12,,,,,896444,49.562,8702.975,0.743
Fiji,Oceania,2021-02-13,,,,,896444,49.562,8702.975,0.743
Fiji,Oceania,2021-02-14,,,,,896444,49.562,8702.975,0.743
Fiji,Oceania,2021-02-15,,,,,896444,49.562,8702.975,0.743
Fiji,Oceania,2021-02-16,,,,,896444,49.562,8702.975,0.743
Finland,Europe,2021-02-10,6348,233775,55770,Moderna,5540718,18.136,40585.721,0.938
Finland,Europe,2021-02-11,13761,247536,60152,Moderna,5540718,18.136,40585.721,0.938
Finland,Europe,2021-02-12,13806,261342,63802,Moderna,5540718,18.136,40585.721,0.938
Finland,Europe,2021-02-13,11773,273115,66832,Moderna,5540718,18.136,40585.721,0.938
Finland,Europe,2021-02-14,3354,276469,66959,Moderna,5540718,18.136,40585.721,0.938
Finland,Europe,2021-02-15,717,277186,66992,Moderna,5540718,18.136,40585.721,0.938
Finland,Europe,2021-02-16,6740,283926,67463,Moderna,5540718,18.136,40585.721,0.938
France,Europe,2021-02-10,146073,2502935,442260,Moderna,65273512,122.578,38605.671,0.901
France,Europe,2021-02-11,183990,2686925,540713,Moderna,65273512,122.578,38605.671,0.901
France,Europe,2021-02-12,152892,2839817,614496,Moderna,65273512,122.578,38605.671,0.901
France,Europe,2021-02-13,43639,2883456,633771,Moderna,65273512,122.578,38605.671,0.901
France,Europe,2021-02-14,13016,2896472,640875,Moderna,65273512,122.578,38605.671,0.901
France,Europe,2021-02-15,118501,3014973,716887,Moderna,65273512,122.578,38605.671,0.901
France,Europe,2021-02-16,,,,Moderna,65273512,122.578,38605.671,0.901
Gabon,Africa,2021-02-10,,,,,2225728,7.859,16562.413,0.703
Gabon,Africa,2021-02-11,,,,,2225728,7.859,16562.413,0.703
Gabon,Africa,2021-02-12,,,,,2225728,7.859,16562.413,0.703
Gabon,Africa,2021-02-13,,,,,2225728,7.859,16562.413,0.703
Gabon,Africa,2021-02-14,,,,,2225728,7.859,16562.413,0.703
Gabon,Africa,2021-02-15,,,,,2225728,7.859,16562.413,0.703
Gabon,Africa,2021-02-16,,,,,2225728,7.859,16562.413,0.703
Gambia,Africa,2021-02-10,,,,,2416664,207.566,1561.767,0.496
Gambia,Africa,2021-02-11,,,,,2416664,207.566,1561.767,0.496
Gambia,Africa,2021-02-12,,,,,2416664,207.566,1561.767,0.496
Gambia,Africa,2021-02-13,,,,,2416664,207.566,1561.767,0.496
Gambia,Africa,2021-02-14,,,,,2416664,207.566,1561.767,0.496
Gambia,Africa,2021-02-15,,,,,2416664,207.566,1561.767,0.496
Gambia,Africa,2021-02-16,,,,,2416664,207.566,1561.767,0.496
Georgia,Asia,2021-02-10,,,,,3989175,65.032,9745.079,0.812
Georgia,Asia,2021-02-11,,,,,3989175,65.032,9745.079,0.812
Georgia,Asia,2021-02-12,,,,,3989175,65.032,9745.079,0.812
Georgia,Asia,2021-02-13,,,,,3989175,65.032,9745.079,0.812
Georgia,Asia,2021-02-14,,,,,3989175,65.032,9745.079,0.812
Georgia,Asia,2021-02-15,,,,,3989175,65.032,9745.079,0.812
Georgia,Asia,2021-02-16,,,,,3989175,65.032,9745.079,0.812
Germany,Europe,2021-02-10,143676,3693828,1197968,Moderna,83783945,237.016,45229.245,0.947
Germany,Europe,2021-02-11,141920,3835748,1269345,Moderna,83783945,237.016,45229.245,0.947
Germany,Europe,2021-02-12,153529,3989277,1345265,Moderna,83783945,237.016,45229.245,0.947
Germany,Europe,2021-02-13,108130,4097407,1391016,Moderna,83783945,237.016,45229.245,0.947
Germany,Europe,2021-02-14,65359,4162766,1417575,Moderna,83783945,237.016,45229.245,0.947
Germany,Europe,2021-02-15,121788,4284554,1470822,Moderna,83783945,237.016,45229.245,0.947
Germany,Europe,2021-02-16,,,,Moderna,83783945,237.016,45229.245,0.947
Ghana,Africa,2021-02-10,,,,,31072945,126.719,4227.63,0.611
Ghana,Africa,2021-02-11,,,,,31072945,126.719,4227.63,0.611
Ghana,Africa,2021-02-12,,,,,31072945,126.719,4227.63,0.611
Ghana,Africa,2021-02-13,,,,,31072945,126.719,4227.63,0.611
Ghana,Africa,2021-02-14,,,,,31072945,126.719,4227.63,0.611
Ghana,Africa,2021-02-15,,,,,31072945,126.719,4227.63,0.611
Ghana,Africa,2021-02-16,,,,,31072945,126.719,4227.63,0.611
Gibraltar,Europe,2021-02-10,978,21999,6737,Pfizer/BioNTech,33691,3457.1,,
Gibraltar,Europe,2021-02-11,1104,23103,7667,Pfizer/BioNTech,33691,3457.1,,
Gibraltar,Europe,2021-02-12,1092,24195,8595,Pfizer/BioNTech,33691,3457.1,,
Gibraltar,Europe,2021-02-13,1092,25287,9522,Pfizer/BioNTech,33691,3457.1,,
Gibraltar,Europe,2021-02-14,654,25941,10053,Pfizer/BioNTech,33691,3457.1,,
Gibraltar,Europe,2021-02-15,438,26379,10244,Pfizer/BioNTech,33691,3457.1,,
Gibraltar,Europe,2021-02-16,,,,Pfizer/BioNTech,33691,3457.1,,
Greece,Europe,2021-02-10,21663,459535,106123,Moderna,10423056,83.479,24574.382,0.888
Greece,Europe,2021-02-11,22881,482416,121616,Moderna,10423056,83.479,24574.382,0.888
Greece,Europe,2021-02-12,23622,506038,139289,Moderna,10423056,83.479,24574.382,0.888
Greece,Europe,2021-02-13,20331,526369,154907,Moderna,10423056,83.479,24574.382,0.888
Greece,Europe,2021-02-14,,,,Moderna,10423056,83.479,24574.382,0.888
Greece,Europe,2021-02-15,,554745,168696,Moderna,10423056,83.479,24574.382,0.888
Greece,Europe,2021-02-16,21021,575766,177926,Moderna,10423056,83.479,24574.382,0.888
Grenada,North America,2021-02-10,,,,,112519,317.132,13593.877,0.779
Grenada,North America,2021-02-11,,,,,112519,317.132,13593.877,0.779
Grenada,North America,2021-02-12,,,,,112519,317.132,13593.877,0.779
Grenada,North America,2021-02-13,,,,,112519,317.132,13593.877,0.779
Grenada,North America,2021-02-14,,,,,112519,317.132,13593.877,0.779
Grenada,North America,2021-02-15,,,,,112519,317.132,13593.877,0.779
Grenada,North America,2021-02-16,,,,,112519,317.132,13593.877,0.779
Guatemala,North America,2021-02-10,,,,,17915567,157.834,7423.808,0.663
Guatemala,North America,2021-02-11,,,,,17915567,157.834,7423.808,0.663
Guatemala,North America,2021-02-12,,,,,17915567,157.834,7423.808,0.663
Guatemala,North America,2021-02-13,,,,,17915567,157.834,7423.808,0.663
Guatemala,North America,2021-02-14,,,,,17915567,157.834,7423.808,0.663
Guatemala,North America,2021-02-15,,,,,17915567,157.834,7423.808,0.663
Guatemala,North America,2021-02-16,,,,,17915567,157.834,7423.808,0.663
Guinea,Africa,2021-02-10,,,,,13132792,51.755,1998.926,0.477
Guinea,Africa,2021-02-11,,,,,13132792,51.755,1998.926,0.477
Guinea,Africa,2021-02-12,,,,,13132792,51.755,1998.926,0.477
Guinea,Africa,2021-02-13,,,,,13132792,51.755,1998.926,0.477
Guinea,Africa,2021-02-14,,,,,13132792,51.755,1998.926,0.477
Guinea,Africa,2021-02-15,,,,,13132792,51.755,1998.926,0.477
Guinea,Africa,2021-02-16,,,,,13132792,51.755,1998.926,0.477
Guinea-Bissau,Africa,2021-02-10,,,,,1967998,66.191,1548.675,0.48
Guinea-Bissau,Africa,2021-02-11,,,,,1967998,66.191,1548.675,0.48
Guinea-Bissau,Africa,2021-02-12,,,,,1967998,66.191,1548.675,0.48
Guinea-Bissau,Africa,2021-02-13,,,,,1967998,66.191,1548.675,0.48
Guinea-Bissau,Africa,2021-02-14,,,,,1967998,66.191,1548.675,0.48
Guinea-Bissau,Africa,2021-02-15,,,,,1967998,66.191,1548.675,0.48
Guinea-Bissau,Africa,2021-02-16,,,,,1967998,66.191,1548.675,0.48
Guyana,South America,2021-02-10,,,,Oxford/AstraZeneca,786559,3.952,7435.047,0.682
Guyana,South America,2021-02-11,,0,,Oxford/AstraZeneca,786559,3.952,7435.047,0.682
Guyana,South America,2021-02-12,,,,Oxford/AstraZeneca,786559,3.952,7435.047,0.682
Guyana,South America,2021-02-13,,,,Oxford/AstraZeneca,786559,3.952,7435.047,0.682
Guyana,South America,2021-02-14,,,,Oxford/AstraZeneca,786559,3.952,7435.047,0.682
Guyana,South America,2021-02-15,,668,,Oxford/AstraZeneca,786559,3.952,7435.047,0.682
Guyana,South America,2021-02-16,,,,Oxford/AstraZeneca,786559,3.952,7435.047,0.682
Haiti,North America,2021-02-10,,,,,11402533,398.448,1653.173,0.51
Haiti,North America,2021-02-11,,,,,11402533,398.448,1653.173,0.51
Haiti,North America,2021-02-12,,,,,11402533,398.448,1653.173,0.51
Haiti,North America,2021-02-13,,,,,11402533,398.448,1653.173,0.51
Haiti,North America,2021-02-14,,,,,11402533,398.448,1653.173,0.51
Haiti,North America,2021-02-15,,,,,11402533,398.448,1653.173,0.51
Haiti,North America,2021-02-16,,,,,11402533,398.448,1653.173,0.51
Honduras,North America,2021-02-10,,,,,9904608,82.805,4541.795,0.634
Honduras,North America,2021-02-11,,,,,9904608,82.805,4541.795,0.634
Honduras,North America,2021-02-12,,,,,9904608,82.805,4541.795,0.634
Honduras,North America,2021-02-13,,,,,9904608,82.805,4541.795,0.634
Honduras,North America,2021-02-14,,,,,9904608,82.805,4541.795,0.634
Honduras,North America,2021-02-15,,,,,9904608,82.805,4541.795,0.634
Honduras,North America,2021-02-16,,,,,9904608,82.805,4541.795,0.634
Hungary,Europe,2021-02-10,5795,411992,117368,Pfizer/BioNTech,9660350,108.043,26777.561,0.854
Hungary,Europe,2021-02-11,19105,431097,120649,Pfizer/BioNTech,9660350,108.043,26777.561,0.854
Hungary,Europe,2021-02-12,24071,455168,124423,Pfizer/BioNTech,9660350,108.043,26777.561,0.854
Hungary,Europe,2021-02-13,8215,463383,128195,Pfizer/BioNTech,9660350,108.043,26777.561,0.854
Hungary,Europe,2021-02-14,2253,465636,129339,Pfizer/BioNTech,9660350,108.043,26777.561,0.854
Hungary,Europe,2021-02-15,7915,473551,131593,Pfizer/BioNTech,9660350,108.043,26777.561,0.854
Hungary,Europe,2021-02-16,10200,483751,134824,Pfizer/BioNTech,9660350,108.043,26777.561,0.854
Iceland,Europe,2021-02-10,,,,Moderna,341250,3.404,46482.958,0.949
Iceland,Europe,2021-02-11,,,,Moderna,341250,3.404,46482.958,0.949
Iceland,Europe,2021-02-12,,19624,5538,Moderna,341250,3.404,46482.958,0.949
Iceland,Europe,2021-02-13,,,,Moderna,341250,3.404,46482.958,0.949
Iceland,Europe,2021-02-14,,,,Moderna,341250,3.404,46482.958,0.949
Iceland,Europe,2021-02-15,,19844,5757,Moderna,341250,3.404,46482.958,0.949
Iceland,Europe,2021-02-16,187,20031,5944,Moderna,341250,3.404,46482.958,0.949
India,Asia,2021-02-10,405553,7017114,,Covaxin,1380004385,450.419,6426.674,0.645
India,Asia,2021-02-11,487896,7505010,,Covaxin,1380004385,450.419,6426.674,0.645
India,Asia,2021-02-12,462637,7967647,,Covaxin,1380004385,450.419,6426.674,0.645
India,Asia,2021-02-13,296211,8263858,,Covaxin,1380004385,450.419,6426.674,0.645
India,Asia,2021-02-14,21437,8285295,,Covaxin,1380004385,450.419,6426.674,0.645
India,Asia,2021-02-15,435527,8720822,,Covaxin,1380004385,450.419,6426.674,0.645
India,Asia,2021-02-16,278408,8999230,,Covaxin,1380004385,450.419,6426.674,0.645
Indonesia,Asia,2021-02-10,181937,1248797,279251,Sinovac,273523621,145.725,11188.744,0.718
Indonesia,Asia,2021-02-11,113994,1362791,345605,Sinovac,273523621,145.725,11188.744,0.718
Indonesia,Asia,2021-02-12,,,,Sinovac,273523621,145.725,11188.744,0.718
Indonesia,Asia,2021-02-13,,1475812,415486,Sinovac,273523621,145.725,11188.744,0.718
Indonesia,Asia,2021-02-14,18513,1494325,425578,Sinovac,273523621,145.725,11188.744,0.718
Indonesia,Asia,2021-02-15,84395,1578720,482625,Sinovac,273523621,145.725,11188.744,0.718
Indonesia,Asia,2021-02-16,79390,1658110,537147,Sinovac,273523621,145.725,11188.744,0.718
Iran,Asia,2021-02-10,,,,Sputnik V,83992953,49.831,19082.62,0.783
Iran,Asia,2021-02-11,,,,Sputnik V,83992953,49.831,19082.62,0.783
Iran,Asia,2021-02-12,,,,Sputnik V,83992953,49.831,19082.62,0.783
Iran,Asia,2021-02-13,,,,Sputnik V,83992953,49.831,19082.62,0.783
Iran,Asia,2021-02-14,,,,Sputnik V,83992953,49.831,19082.62,0.783
Iran,Asia,2021-02-15,,,,Sputnik V,83992953,49.831,19082.62,0.783
Iran,Asia,2021-02-16,,,,Sputnik V,83992953,49.831,19082.62,0.783
Iraq,Asia,2021-02-10,,,,,40222503,88.125,15663.986,0.674
Iraq,Asia,2021-02-11,,,,,40222503,88.125,15663.986,0.674
Iraq,Asia,2021-02-12,,,,,40222503,88.125,15663.986,0.674
Iraq,Asia,2021-02-13,,,,,40222503,88.125,15663.986,0.674
Iraq,Asia,2021-02-14,,,,,40222503,88.125,15663.986,0.674
Iraq,Asia,2021-02-15,,,,,40222503,88.125,15663.986,0.674
Iraq,Asia,2021-02-16,,,,,40222503,88.125,15663.986,0.674
Ireland,Europe,2021-02-10,8397,256681,89818,Moderna,4937796,69.874,67335.293,0.955
Ireland,Europe,2021-02-11,4392,261073,89834,Moderna,4937796,69.874,67335.293,0.955
Ireland,Europe,2021-02-12,4164,265237,89999,Moderna,4937796,69.874,67335.293,0.955
Ireland,Europe,2021-02-13,3314,268551,91625,Moderna,4937796,69.874,67335.293,0.955
Ireland,Europe,2021-02-14,,,,Moderna,4937796,69.874,67335.293,0.955
Ireland,Europe,2021-02-15,,,,Moderna,4937796,69.874,67335.293,0.955
Ireland,Europe,2021-02-16,,,,Moderna,4937796,69.874,67335.293,0.955
Isle of Man,Europe,2021-02-10,415,12441,2956,Oxford/AstraZeneca,85032,147.872,,
Isle of Man,Europe,2021-02-11,375,12816,3328,Oxford/AstraZeneca,85032,147.872,,
Isle of Man,Europe,2021-02-12,1,12817,3328,Oxford/AstraZeneca,85032,147.872,,
Isle of Man,Europe,2021-02-13,680,13497,3327,Oxford/AstraZeneca,85032,147.872,,
Isle of Man,Europe,2021-02-14,236,13733,3328,Oxford/AstraZeneca,85032,147.872,,
Isle of Man,Europe,2021-02-15,,,,Oxford/AstraZeneca,85032,147.872,,
Isle of Man,Europe,2021-02-16,,14272,3594,Oxford/AstraZeneca,85032,147.872,,
Israel,Asia,2021-02-10,138893,6026411,2333786,Moderna,8655541,402.606,33132.32,0.919
Israel,Asia,2021-02-11,147473,6173884,2402662,Moderna,8655541,402.606,33132.32,0.919
Israel,Asia,2021-02-12,76023,6249907,2439855,Moderna,8655541,402.606,33132.32,0.919
Israel,Asia,2021-02-13,57479,6307386,2470037,Moderna,8655541,402.606,33132.32,0.919
Israel,Asia,2021-02-14,142547,6449933,2538589,Moderna,8655541,402.606,33132.32,0.919
Israel,Asia,2021-02-15,155912,6605845,2613335,Moderna,8655541,402.606,33132.32,0.919
Israel,Asia,2021-02-16,153016,6758861,2687369,Moderna,8655541,402.606,33132.32,0.919
Italy,Europe,2021-02-10,69393,2786165,1248319,Moderna,60461828,205.859,35220.084,0.892
Italy,Europe,2021-02-11,68700,2854865,1264740,Moderna,60461828,205.859,35220.084,0.892
Italy,Europe,2021-02-12,69182,2924047,1277621,Moderna,60461828,205.859,35220.084,0.892
Italy,Europe,2021-02-13,50142,2974189,1283394,Moderna,60461828,205.859,35220.084,0.892
Italy,Europe,2021-02-14,28971,3003160,1285659,Moderna,60461828,205.859,35220.084,0.892
Italy,Europe,2021-02-15,58735,3061895,1290818,Moderna,60461828,205.859,35220.084,0.892
Italy,Europe,2021-02-16,60736,3122631,1295514,Moderna,60461828,205.859,35220.084,0.892
Jamaica,North America,2021-02-10,,,,,2961161,266.879,8193.571,0.734
Jamaica,North America,2021-02-11,,,,,2961161,266.879,8193.571,0.734
Jamaica,North America,2021-02-12,,,,,2961161,266.879,8193.571,0.734
Jamaica,North America,2021-02-13,,,,,2961161,266.879,8193.571,0.734
Jamaica,North America,2021-02-14,,,,,2961161,266.879,8193.571,0.734
Jamaica,North America,2021-02-15,,,,,2961161,266.879,8193.571,0.734
Jamaica,North America,2021-02-16,,,,,2961161,266.879,8193.571,0.734
Japan,Asia,2021-02-10,,,,,126476458,347.778,39002.223,0.919
Japan,Asia,2021-02-11,,,,,126476458,347.778,39002.223,0.919
Japan,Asia,2021-02-12,,,,,126476458,347.778,39002.223,0.919
Japan,Asia,2021-02-13,,,,,126476458,347.778,39002.223,0.919
Japan,Asia,2021-02-14,,,,,126476458,347.778,39002.223,0.919
Japan,Asia,2021-02-15,,,,,126476458,347.778,39002.223,0.919
Japan,Asia,2021-02-16,,,,,126476458,347.778,39002.223,0.919
Jordan,Asia,2021-02-10,,,,,10203140,109.285,8337.49,0.729
Jordan,Asia,2021-02-11,,,,,10203140,109.285,8337.49,0.729
Jordan,Asia,2021-02-12,,,,,10203140,109.285,8337.49,0.729
Jordan,Asia,2021-02-13,,,,,10203140,109.285,8337.49,0.729
Jordan,Asia,2021-02-14,,,,,10203140,109.285,8337.49,0.729
Jordan,Asia,2021-02-15,,,,,10203140,109.285,8337.49,0.729
Jordan,Asia,2021-02-16,,,,,10203140,109.285,8337.49,0.729
Kazakhstan,Asia,2021-02-10,,,,,18776707,6.681,24055.588,0.825
Kazakhstan,Asia,2021-02-11,,,,,18776707,6.681,24055.588,0.825
Kazakhstan,Asia,2021-02-12,,,,,18776707,6.681,24055.588,0.825
Kazakhstan,Asia,2021-02-13,,,,,18776707,6.681,24055.588,0.825
Kazakhstan,Asia,2021-02-14,,,,,18776707,6.681,24055.588,0.825
Kazakhstan,Asia,2021-02-15,,,,,18776707,6.681,24055.588,0.825
Kazakhstan,Asia,2021-02-16,,,,,18776707,6.681,24055.588,0.825
Kenya,Africa,2021-02-10,,,,,53771300,87.324,2993.028,0.601
Kenya,Africa,2021-02-11,,,,,53771300,87.324,2993.028,0.601
Kenya,Africa,2021-02-12,,,,,53771300,87.324,2993.028,0.601
Kenya,Africa,2021-02-13,,,,,53771300,87.324,2993.028,0.601
Kenya,Africa,2021-02-14,,,,,53771300,87.324,2993.028,0.601
Kenya,Africa,2021-02-15,,,,,53771300,87.324,2993.028,0.601
Kenya,Africa,2021-02-16,,,,,53771300,87.324,2993.028,0.601
Kosovo,Europe,2021-02-10,,,,,1932774,168.155,9795.834,
Kosovo,Europe,2021-02-11,,,,,1932774,168.155,9795.834,
Kosovo,Europe,2021-02-12,,,,,1932774,168.155,9795.834,
Kosovo,Europe,2021-02-13,,,,,1932774,168.155,9795.834,
Kosovo,Europe,2021-02-14,,,,,1932774,168.155,9795.834,
Kosovo,Europe,2021-02-15,,,,,1932774,168.155,9795.834,
Kosovo,Europe,2021-02-16,,,,,1932774,168.155,9795.834,
Kuwait,Asia,2021-02-10,,,,Pfizer/BioNTech,4270563,232.128,65530.537,0.806
Kuwait,Asia,2021-02-11,,,,Pfizer/BioNTech,4270563,232.128,65530.537,0.806
Kuwait,Asia,2021-02-12,,,,Pfizer/BioNTech,4270563,232.128,65530.537,0.806
Kuwait,Asia,2021-02-13,,,,Pfizer/BioNTech,4270563,232.128,65530.537,0.806
Kuwait,Asia,2021-02-14,,,,Pfizer/BioNTech,4270563,232.128,65530.537,0.806
Kuwait,Asia,2021-02-15,,137000,,Pfizer/BioNTech,4270563,232.128,65530.537,0.806
Kuwait,Asia,2021-02-16,,,,Pfizer/BioNTech,4270563,232.128,65530.537,0.806
Kyrgyzstan,Asia,2021-02-10,,,,,6524191,32.333,3393.474,0.697
Kyrgyzstan,Asia,2021-02-11,,,,,6524191,32.333,3393.474,0.697
Kyrgyzstan,Asia,2021-02-12,,,,,6524191,32.333,3393.474,0.697
Kyrgyzstan,Asia,2021-02-13,,,,,6524191,32.333,3393.474,0.697
Kyrgyzstan,Asia,2021-02-14,,,,,6524191,32.333,3393.474,0.697
Kyrgyzstan,Asia,2021-02-15,,,,,6524191,32.333,3393.474,0.697
Kyrgyzstan,Asia,2021-02-16,,,,,6524191,32.333,3393.474,0.697
Laos,Asia,2021-02-10,,,,,7275556,29.715,6397.36,0.613
Laos,Asia,2021-02-11,,,,,7275556,29.715,6397.36,0.613
Laos,Asia,2021-02-12,,,,,7275556,29.715,6397.36,0.613
Laos,Asia,2021-02-13,,,,,7275556,29.715,6397.36,0.613
Laos,Asia,2021-02-14,,,,,7275556,29.715,6397.36,0.613
Laos,Asia,2021-02-15,,,,,7275556,29.715,6397.36,0.613
Laos,Asia,2021-02-16,,,,,7275556,29.715,6397.36,0.613
Latvia,Europe,2021-02-10,613,33459,14828,Moderna,1886202,31.212,25063.846,0.866
Latvia,Europe,2021-02-11,1742,35201,15481,Moderna,1886202,31.212,25063.846,0.866
Latvia,Europe,2021-02-12,1678,36879,16006,Moderna,1886202,31.212,25063.846,0.866
Latvia,Europe,2021-02-13,399,37278,16182,Moderna,1886202,31.212,25063.846,0.866
Latvia,Europe,2021-02-14,20,37298,16201,Moderna,1886202,31.212,25063.846,0.866
Latvia,Europe,2021-02-15,869,38167,16355,Moderna,1886202,31.212,25063.846,0.866
Latvia,Europe,2021-02-16,1132,39299,16416,Moderna,1886202,31.212,25063.846,0.866
Lebanon,Asia,2021-02-10,,,,,6825442,594.561,13367.565,0.744
Lebanon,Asia,2021-02-11,,,,,6825442,594.561,13367.565,0.744
Lebanon,Asia,2021-02-12,,,,,6825442,594.561,13367.565,0.744
Lebanon,Asia,2021-02-13,,,,,6825442,594.561,13367.565,0.744
Lebanon,Asia,2021-02-14,,,,,6825442,594.561,13367.565,0.744
Lebanon,Asia,2021-02-15,,,,,6825442,594.561,13367.565,0.744
Lebanon,Asia,2021-02-16,,,,,6825442,594.561,13367.565,0.744
Lesotho,Africa,2021-02-10,,,,,2142252,73.562,2851.153,0.527
Lesotho,Africa,2021-02-11,,,,,2142252,73.562,2851.153,0.527
Lesotho,Africa,2021-02-12,,,,,2142252,73.562,2851.153,0.527
Lesotho,Africa,2021-02-13,,,,,2142252,73.562,2851.153,0.527
Lesotho,Africa,2021-02-14,,,,,2142252,73.562,2851.153,0.527
Lesotho,Africa,2021-02-15,,,,,2142252,73.562,2851.153,0.527
Lesotho,Africa,2021-02-16,,,,,2142252,73.562,2851.153,0.527
Liberia,Africa,2021-02-10,,,,,5057677,49.127,752.788,0.48
Liberia,Africa,2021-02-11,,,,,5057677,49.127,752.788,0.48
Liberia,Africa,2021-02-12,,,,,5057677,49.127,752.788,0.48
Liberia,Africa,2021-02-13,,,,,5057677,49.127,752.788,0.48
Liberia,Africa,2021-02-14,,,,,5057677,49.127,752.788,0.48
Liberia,Africa,2021-02-15,,,,,5057677,49.127,752.788,0.48
Liberia,Africa,2021-02-16,,,,,5057677,49.127,752.788,0.48
Libya,Africa,2021-02-10,,,,,6871287,3.623,17881.509,0.724
Libya,Africa,2021-02-11,,,,,6871287,3.623,17881.509,0.724
Libya,Africa,2021-02-12,,,,,6871287,3.623,17881.509,0.724
Libya,Africa,2021-02-13,,,,,6871287,3.623,17881.509,0.724
Libya,Africa,2021-02-14,,,,,6871287,3.623,17881.509,0.724
Libya,Africa,2021-02-15,,,,,6871287,3.623,17881.509,0.724
Libya,Africa,2021-02-16,,,,,6871287,3.623,17881.509,0.724
Liechtenstein,Europe,2021-02-10,,1018,,Moderna,38137,237.012,,0.919
Liechtenstein,Europe,2021-02-11,,,,Moderna,38137,237.012,,0.919
Liechtenstein,Europe,2021-02-12,,,,Moderna,38137,237.012,,0.919
Liechtenstein,Europe,2021-02-13,,,,Moderna,38137,237.012,,0.919
Liechtenstein,Europe,2021-02-14,,1165,,Moderna,38137,237.012,,0.919
Liechtenstein,Europe,2021-02-15,,,,Moderna,38137,237.012,,0.919
Liechtenstein,Europe,2021-02-16,,,,Moderna,38137,237.012,,0.919
Lithuania,Europe,2021-02-10,6029,136659,52096,Moderna,2722291,45.135,29524.265,0.882
Lithuania,Europe,2021-02-11,8846,145505,53396,Moderna,2722291,45.135,29524.265,0.882
Lithuania,Europe,2021-02-12,6983,152488,54372,Moderna,2722291,45.135,29524.265,0.882
Lithuania,Europe,2021-02-13,436,152924,54372,Moderna,2722291,45.135,29524.265,0.882
Lithuania,Europe,2021-02-14,,,,Moderna,2722291,45.135,29524.265,0.882
Lithuania,Europe,2021-02-15,,157304,55052,Moderna,2722291,45.135,29524.265,0.882
Lithuania,Europe,2021-02-16,,,,Moderna,2722291,45.135,29524.265,0.882
Luxembourg,Europe,2021-02-10,1270,19923,4871,Moderna,625976,231.447,94277.965,0.916
Luxembourg,Europe,2021-02-11,1467,21390,5259,Moderna,625976,231.447,94277.965,0.916
Luxembourg,Europe,2021-02-12,,,,Moderna,625976,231.447,94277.965,0.916
Luxembourg,Europe,2021-02-13,,,,Moderna,625976,231.447,94277.965,0.916
Luxembourg,Europe,2021-02-14,,22895,5638,Moderna,625976,231.447,94277.965,0.916
Luxembourg,Europe,2021-02-15,1129,24024,5969,Moderna,625976,231.447,94277.965,0.916
Luxembourg,Europe,2021-02-16,,,,Moderna,625976,231.447,94277.965,0.916
Madagascar,Africa,2021-02-10,,,,,27691019,43.951,1416.44,0.528
Madagascar,Africa,2021-02-11,,,,,27691019,43.951,1416.44,0.528
Madagascar,Africa,2021-02-12,,,,,27691019,43.951,1416.44,0.528
Madagascar,Africa,2021-02-13,,,,,27691019,43.951,1416.44,0.528
Madagascar,Africa,2021-02-14,,,,,27691019,43.951,1416.44,0.528
Madagascar,Africa,2021-02-15,,,,,27691019,43.951,1416.44,0.528
Madagascar,Africa,2021-02-16,,,,,27691019,43.951,1416.44,0.528
Malawi,Africa,2021-02-10,,,,,19129955,197.519,1095.042,0.483
Malawi,Africa,2021-02-11,,,,,19129955,197.519,1095.042,0.483
Malawi,Africa,2021-02-12,,,,,19129955,197.519,1095.042,0.483
Malawi,Africa,2021-02-13,,,,,19129955,197.519,1095.042,0.483
Malawi,Africa,2021-02-14,,,,,19129955,197.519,1095.042,0.483
Malawi,Africa,2021-02-15,,,,,19129955,197.519,1095.042,0.483
Malawi,Africa,2021-02-16,,,,,19129955,197.519,1095.042,0.483
Malaysia,Asia,2021-02-10,,,,,32365998,96.254,26808.164,0.81
Malaysia,Asia,2021-02-11,,,,,32365998,96.254,26808.164,0.81
Malaysia,Asia,2021-02-12,,,,,32365998,96.254,26808.164,0.81
Malaysia,Asia,2021-02-13,,,,,32365998,96.254,26808.164,0.81
Malaysia,Asia,2021-02-14,,,,,32365998,96.254,26808.164,0.81
Malaysia,Asia,2021-02-15,,,,,32365998,96.254,26808.164,0.81
Malaysia,Asia,2021-02-16,,,,,32365998,96.254,26808.164,0.81
Maldives,Asia,2021-02-10,3910,20161,,Oxford/AstraZeneca,540542,1454.433,15183.616,0.74
Maldives,Asia,2021-02-11,5166,25327,,Oxford/AstraZeneca,540542,1454.433,15183.616,0.74
Maldives,Asia,2021-02-12,2040,27367,,Oxford/AstraZeneca,540542,1454.433,15183.616,0.74
Maldives,Asia,2021-02-13,5739,33106,,Oxford/AstraZeneca,540542,1454.433,15183.616,0.74
Maldives,Asia,2021-02-14,5485,38591,,Oxford/AstraZeneca,540542,1454.433,15183.616,0.74
Maldives,Asia,2021-02-15,5226,43817,,Oxford/AstraZeneca,540542,1454.433,15183.616,0.74
Maldives,Asia,2021-02-16,6230,50047,,Oxford/AstraZeneca,540542,1454.433,15183.616,0.74
Mali,Africa,2021-02-10,,,,,20250834,15.196,2014.306,0.434
Mali,Africa,2021-02-11,,,,,20250834,15.196,2014.306,0.434
Mali,Africa,2021-02-12,,,,,20250834,15.196,2014.306,0.434
Mali,Africa,2021-02-13,,,,,20250834,15.196,2014.306,0.434
Mali,Africa,2021-02-14,,,,,20250834,15.196,2014.306,0.434
Mali,Africa,2021-02-15,,,,,20250834,15.196,2014.306,0.434
Mali,Africa,2021-02-16,,,,,20250834,15.196,2014.306,0.434
Malta,Europe,2021-02-10,1261,44598,12928,Pfizer/BioNTech,441539,1454.037,36513.323,0.895
Malta,Europe,2021-02-11,1746,46344,13820,Pfizer/BioNTech,441539,1454.037,36513.323,0.895
Malta,Europe,2021-02-12,2130,48474,14739,Pfizer/BioNTech,441539,1454.037,36513.323,0.895
Malta,Europe,2021-02-13,1701,50175,15601,Pfizer/BioNTech,441539,1454.037,36513.323,0.895
Malta,Europe,2021-02-14,1466,51641,16265,Pfizer/BioNTech,441539,1454.037,36513.323,0.895
Malta,Europe,2021-02-15,2006,53647,17102,Pfizer/BioNTech,441539,1454.037,36513.323,0.895
Malta,Europe,2021-02-16,,,,Pfizer/BioNTech,441539,1454.037,36513.323,0.895
Marshall Islands,Oceania,2021-02-10,,,,,59194,295.15,3819.202,0.704
Marshall Islands,Oceania,2021-02-11,,,,,59194,295.15,3819.202,0.704
Marshall Islands,Oceania,2021-02-12,,,,,59194,295.15,3819.202,0.704
Marshall Islands,Oceania,2021-02-13,,,,,59194,295.15,3819.202,0.704
Marshall Islands,Oceania,2021-02-14,,,,,59194,295.15,3819.202,0.704
Marshall Islands,Oceania,2021-02-15,,,,,59194,295.15,3819.202,0.704
Marshall Islands,Oceania,2021-02-16,,,,,59194,295.15,3819.202,0.704
Mauritania,Africa,2021-02-10,,,,,4649660,4.289,3597.633,0.546
Mauritania,Africa,2021-02-11,,,,,4649660,4.289,3597.633,0.546
Mauritania,Africa,2021-02-12,,,,,4649660,4.289,3597.633,0.546
Mauritania,Africa,2021-02-13,,,,,4649660,4.289,3597.633,0.546
Mauritania,Africa,2021-02-14,,,,,4649660,4.289,3597.633,0.546
Mauritania,Africa,2021-02-15,,,,,4649660,4.289,3597.633,0.546
Mauritania,Africa,2021-02-16,,,,,4649660,4.289,3597.633,0.546
Mauritius,Africa,2021-02-10,,,,Oxford/AstraZeneca,1271767,622.962,20292.745,0.804
Mauritius,Africa,2021-02-11,,,,Oxford/AstraZeneca,1271767,622.962,20292.745,0.804
Mauritius,Africa,2021-02-12,,,,Oxford/AstraZeneca,1271767,622.962,20292.745,0.804
Mauritius,Africa,2021-02-13,,,,Oxford/AstraZeneca,1271767,622.962,20292.745,0.804
Mauritius,Africa,2021-02-14,,,,Oxford/AstraZeneca,1271767,622.962,20292.745,0.804
Mauritius,Africa,2021-02-15,,,,Oxford/AstraZeneca,1271767,622.962,20292.745,0.804
Mauritius,Africa,2021-02-16,,,,Oxford/AstraZeneca,1271767,622.962,20292.745,0.804
Mexico,North America,2021-02-10,360,724707,84592,Pfizer/BioNTech,128932753,66.444,17336.469,0.779
Mexico,North America,2021-02-11,740,725447,85332,Pfizer/BioNTech,128932753,66.444,17336.469,0.779
Mexico,North America,2021-02-12,555,726002,85887,Pfizer/BioNTech,128932753,66.444,17336.469,0.779
Mexico,North America,2021-02-13,311,726313,86188,Pfizer/BioNTech,128932753,66.444,17336.469,0.779
Mexico,North America,2021-02-14,,,,Pfizer/BioNTech,128932753,66.444,17336.469,0.779
Mexico,North America,2021-02-15,,749682,86198,Pfizer/BioNTech,128932753,66.444,17336.469,0.779
Mexico,North America,2021-02-16,165701,915383,86198,Pfizer/BioNTech,128932753,66.444,17336.469,0.779
Micronesia (country),Oceania,2021-02-10,,,,,115021,150.777,3299.464,0.62
Micronesia (country),Oceania,2021-02-11,,,,,115021,150.777,3299.464,0.62
Micronesia (country),Oceania,2021-02-12,,,,,115021,150.777,3299.464,0.62
Micronesia (country),Oceania,2021-02-13,,,,,115021,150.777,3299.464,0.62
Micronesia (country),Oceania,2021-02-14,,,,,115021,150.777,3299.464,0.62
Micronesia (country),Oceania,2021-02-15,,,,,115021,150.777,3299.464,0.62
Micronesia (country),Oceania,2021-02-16,,,,,115021,150.777,3299.464,0.62
Moldova,Europe,2021-02-10,,,,,4033963,123.655,5189.972,0.75
Moldova,Europe,2021-02-11,,,,,4033963,123.655,5189.972,0.75
Moldova,Europe,2021-02-12,,,,,4033963,123.655,5189.972,0.75
Moldova,Europe,2021-02-13,,,,,4033963,123.655,5189.972,0.75
Moldova,Europe,2021-02-14,,,,,4033963,123.655,5189.972,0.75
Moldova,Europe,2021-02-15,,,,,4033963,123.655,5189.972,0.75
Moldova,Europe,2021-02-16,,,,,4033963,123.655,5189.972,0.75
Monaco,Europe,2021-02-10,,,,Pfizer/BioNTech,39244,19347.5,,
Monaco,Europe,2021-02-11,,,,Pfizer/BioNTech,39244,19347.5,,
Monaco,Europe,2021-02-12,,,,Pfizer/BioNTech,39244,19347.5,,
Monaco,Europe,2021-02-13,,,,Pfizer/BioNTech,39244,19347.5,,
Monaco,Europe,2021-02-14,,,,Pfizer/BioNTech,39244,19347.5,,
Monaco,Europe,2021-02-15,,,,Pfizer/BioNTech,39244,19347.5,,
Monaco,Europe,2021-02-16,,,,Pfizer/BioNTech,39244,19347.5,,
Mongolia,Asia,2021-02-10,,,,,3278292,1.98,11840.846,0.737
Mongolia,Asia,2021-02-11,,,,,3278292,1.98,11840.846,0.737
Mongolia,Asia,2021-02-12,,,,,3278292,1.98,11840.846,0.737
Mongolia,Asia,2021-02-13,,,,,3278292,1.98,11840.846,0.737
Mongolia,Asia,2021-02-14,,,,,3278292,1.98,11840.846,0.737
Mongolia,Asia,2021-02-15,,,,,3278292,1.98,11840.846,0.737
Mongolia,Asia,2021-02-16,,,,,3278292,1.98,11840.846,0.737
Montenegro,Europe,2021-02-10,,,,,628062,46.28,16409.288,0.829
Montenegro,Europe,2021-02-11,,,,,628062,46.28,16409.288,0.829
Montenegro,Europe,2021-02-12,,,,,628062,46.28,16409.288,0.829
Montenegro,Europe,2021-02-13,,,,,628062,46.28,16409.288,0.829
Montenegro,Europe,2021-02-14,,,,,628062,46.28,16409.288,0.829
Montenegro,Europe,2021-02-15,,,,,628062,46.28,16409.288,0.829
Montenegro,Europe,2021-02-16,,,,,628062,46.28,16409.288,0.829
Morocco,Africa,2021-02-10,130935,746116,,Oxford/AstraZeneca,36910558,80.08,7485.013,0.686
Morocco,Africa,2021-02-11,109202,855318,,Oxford/AstraZeneca,36910558,80.08,7485.013,0.686
Morocco,Africa,2021-02-12,256785,1112103,,Oxford/AstraZeneca,36910558,80.08,7485.013,0.686
Morocco,Africa,2021-02-13,276436,1388539,,Oxford/AstraZeneca,36910558,80.08,7485.013,0.686
Morocco,Africa,2021-02-14,,,,Oxford/AstraZeneca,36910558,80.08,7485.013,0.686
Morocco,Africa,2021-02-15,,1707091,,Oxford/AstraZeneca,36910558,80.08,7485.013,0.686
Morocco,Africa,2021-02-16,197078,1904169,,Oxford/AstraZeneca,36910558,80.08,7485.013,0.686
Mozambique,Africa,2021-02-10,,,,,31255435,37.728,1136.103,0.456
Mozambique,Africa,2021-02-11,,,,,31255435,37.728,1136.103,0.456
Mozambique,Africa,2021-02-12,,,,,31255435,37.728,1136.103,0.456
Mozambique,Africa,2021-02-13,,,,,31255435,37.728,1136.103,0.456
Mozambique,Africa,2021-02-14,,,,,31255435,37.728,1136.103,0.456
Mozambique,Africa,2021-02-15,,,,,31255435,37.728,1136.103,0.456
Mozambique,Africa,2021-02-16,,,,,31255435,37.728,1136.103,0.456
Myanmar,Asia,2021-02-10,,,,Oxford/AstraZeneca,54409794,81.721,5591.597,0.583
Myanmar,Asia,2021-02-11,,,,Oxford/AstraZeneca,54409794,81.721,5591.597,0.583
Myanmar,Asia,2021-02-12,,,,Oxford/AstraZeneca,54409794,81.721,5591.597,0.583
Myanmar,Asia,2021-02-13,,,,Oxford/AstraZeneca,54409794,81.721,5591.597,0.583
Myanmar,Asia,2021-02-14,,,,Oxford/AstraZeneca,54409794,81.721,5591.597,0.583
Myanmar,Asia,2021-02-15,,,,Oxford/AstraZeneca,54409794,81.721,5591.597,0.583
Myanmar,Asia,2021-02-16,,,,Oxford/AstraZeneca,54409794,81.721,5591.597,0.583
Namibia,Africa,2021-02-10,,,,,2540916,3.078,9541.808,0.646
Namibia,Africa,2021-02-11,,,,,2540916,3.078,9541.808,0.646
Namibia,Africa,2021-02-12,,,,,2540916,3.078,9541.808,0.646
Namibia,Africa,2021-02-13,,,,,2540916,3.078,9541.808,0.646
Namibia,Africa,2021-02-14,,,,,2540916,3.078,9541.808,0.646
Namibia,Africa,2021-02-15,,,,,2540916,3.078,9541.808,0.646
Namibia,Africa,2021-02-16,,,,,2540916,3.078,9541.808,0.646
Nepal,Asia,2021-02-10,,,,Oxford/AstraZeneca,29136808,204.43,2442.804,0.602
Nepal,Asia,2021-02-11,,,,Oxford/AstraZeneca,29136808,204.43,2442.804,0.602
Nepal,Asia,2021-02-12,,,,Oxford/AstraZeneca,29136808,204.43,2442.804,0.602
Nepal,Asia,2021-02-13,,,,Oxford/AstraZeneca,29136808,204.43,2442.804,0.602
Nepal,Asia,2021-02-14,,,,Oxford/AstraZeneca,29136808,204.43,2442.804,0.602
Nepal,Asia,2021-02-15,,,,Oxford/AstraZeneca,29136808,204.43,2442.804,0.602
Nepal,Asia,2021-02-16,,,,Oxford/AstraZeneca,29136808,204.43,2442.804,0.602
Netherlands,Europe,2021-02-10,25835,460252,,Moderna,17134873,508.544,48472.545,0.944
Netherlands,Europe,2021-02-11,29306,489558,,Moderna,17134873,508.544,48472.545,0.944
Netherlands,Europe,2021-02-12,29152,518710,,Moderna,17134873,508.544,48472.545,0.944
Netherlands,Europe,2021-02-13,29720,548430,,Moderna,17134873,508.544,48472.545,0.944
Netherlands,Europe,2021-02-14,29190,577620,,Moderna,17134873,508.544,48472.545,0.944
Netherlands,Europe,2021-02-15,29241,606861,,Moderna,17134873,508.544,48472.545,0.944
Netherlands,Europe,2021-02-16,16678,623539,,Moderna,17134873,508.544,48472.545,0.944
New Zealand,Oceania,2021-02-10,,,,,4822233,18.206,36085.843,0.931
New Zealand,Oceania,2021-02-11,,,,,4822233,18.206,36085.843,0.931
New Zealand,Oceania,2021-02-12,,,,,4822233,18.206,36085.843,0.931
New Zealand,Oceania,2021-02-13,,,,,4822233,18.206,36085.843,0.931
New Zealand,Oceania,2021-02-14,,,,,4822233,18.206,36085.843,0.931
New Zealand,Oceania,2021-02-15,,,,,4822233,18.206,36085.843,0.931
New Zealand,Oceania,2021-02-16,,,,,4822233,18.206,36085.843,0.931
Nicaragua,North America,2021-02-10,,,,,6624554,51.667,5321.444,0.66
Nicaragua,North America,2021-02-11,,,,,6624554,51.667,5321.444,0.66
Nicaragua,North America,2021-02-12,,,,,6624554,51.667,5321.444,0.66
Nicaragua,North America,2021-02-13,,,,,6624554,51.667,5321.444,0.66
Nicaragua,North America,2021-02-14,,,,,6624554,51.667,5321.444,0.66
Nicaragua,North America,2021-02-15,,,,,6624554,51.667,5321.444,0.66
Nicaragua,North America,2021-02-16,,,,,6624554,51.667,5321.444,0.66
Niger,Africa,2021-02-10,,,,,24206636,16.955,926,0.394
Niger,Africa,2021-02-11,,,,,24206636,16.955,926,0.394
Niger,Africa,2021-02-12,,,,,24206636,16.955,926,0.394
Niger,Africa,2021-02-13,,,,,24206636,16.955,926,0.394
Niger,Africa,2021-02-14,,,,,24206636,16.955,926,0.394
Niger,Africa,2021-02-15,,,,,24206636,16.955,926,0.394
Niger,Africa,2021-02-16,,,,,24206636,16.955,926,0.394
Nigeria,Africa,2021-02-10,,,,,206139587,209.588,5338.454,0.539
Nigeria,Africa,2021-02-11,,,,,206139587,209.588,5338.454,0.539
Nigeria,Africa,2021-02-12,,,,,206139587,209.588,5338.454,0.539
Nigeria,Africa,2021-02-13,,,,,206139587,209.588,5338.454,0.539
Nigeria,Africa,2021-02-14,,,,,206139587,209.588,5338.454,0.539
Nigeria,Africa,2021-02-15,,,,,206139587,209.588,5338.454,0.539
Nigeria,Africa,2021-02-16,,,,,206139587,209.588,5338.454,0.539
North Macedonia,Europe,2021-02-10,,,,,2083380,82.6,13111.214,0.774
North Macedonia,Europe,2021-02-11,,,,,2083380,82.6,13111.214,0.774
North Macedonia,Europe,2021-02-12,,,,,2083380,82.6,13111.214,0.774
North Macedonia,Europe,2021-02-13,,,,,2083380,82.6,13111.214,0.774
North Macedonia,Europe,2021-02-14,,,,,2083380,82.6,13111.214,0.774
North Macedonia,Europe,2021-02-15,,,,,2083380,82.6,13111.214,0.774
North Macedonia,Europe,2021-02-16,,,,,2083380,82.6,13111.214,0.774
Norway,Europe,2021-02-10,30616,262769,58815,Moderna,5421242,14.462,64800.057,0.957
Norway,Europe,2021-02-11,28265,291034,67059,Moderna,5421242,14.462,64800.057,0.957
Norway,Europe,2021-02-12,11031,302065,70371,Moderna,5421242,14.462,64800.057,0.957
Norway,Europe,2021-02-13,1086,303151,70674,Moderna,5421242,14.462,64800.057,0.957
Norway,Europe,2021-02-14,111,303262,70675,Moderna,5421242,14.462,64800.057,0.957
Norway,Europe,2021-02-15,1518,304780,71418,Moderna,5421242,14.462,64800.057,0.957
Norway,Europe,2021-02-16,,,,Moderna,5421242,14.462,64800.057,0.957
Oman,Asia,2021-02-10,6188,49481,12272,Oxford/AstraZeneca,5106622,14.98,37960.709,0.813
Oman,Asia,2021-02-11,8020,57501,12272,Oxford/AstraZeneca,5106622,14.98,37960.709,0.813
Oman,Asia,2021-02-12,9784,67285,12272,Oxford/AstraZeneca,5106622,14.98,37960.709,0.813
Oman,Asia,2021-02-13,10153,77438,12272,Oxford/AstraZeneca,5106622,14.98,37960.709,0.813
Oman,Asia,2021-02-14,11774,89212,12272,Oxford/AstraZeneca,5106622,14.98,37960.709,0.813
Oman,Asia,2021-02-15,13055,102267,12272,Oxford/AstraZeneca,5106622,14.98,37960.709,0.813
Oman,Asia,2021-02-16,6747,109014,19019,Oxford/AstraZeneca,5106622,14.98,37960.709,0.813
Pakistan,Asia,2021-02-10,,27228,,Oxford/AstraZeneca,220892331,255.573,5034.708,0.557
Pakistan,Asia,2021-02-11,,,,Oxford/AstraZeneca,220892331,255.573,5034.708,0.557
Pakistan,Asia,2021-02-12,,,,Oxford/AstraZeneca,220892331,255.573,5034.708,0.557
Pakistan,Asia,2021-02-13,,,,Oxford/AstraZeneca,220892331,255.573,5034.708,0.557
Pakistan,Asia,2021-02-14,,,,Oxford/AstraZeneca,220892331,255.573,5034.708,0.557
Pakistan,Asia,2021-02-15,,,,Oxford/AstraZeneca,220892331,255.573,5034.708,0.557
Pakistan,Asia,2021-02-16,,,,Oxford/AstraZeneca,220892331,255.573,5034.708,0.557
Palestine,Asia,2021-02-10,,,,,5101416,778.202,4449.898,0.708
Palestine,Asia,2021-02-11,,,,,5101416,778.202,4449.898,0.708
Palestine,Asia,2021-02-12,,,,,5101416,778.202,4449.898,0.708
Palestine,Asia,2021-02-13,,,,,5101416,778.202,4449.898,0.708
Palestine,Asia,2021-02-14,,,,,5101416,778.202,4449.898,0.708
Palestine,Asia,2021-02-15,,,,,5101416,778.202,4449.898,0.708
Palestine,Asia,2021-02-16,,,,,5101416,778.202,4449.898,0.708
Panama,North America,2021-02-10,0,12441,,Pfizer/BioNTech,4314768,55.133,22267.037,0.815
Panama,North America,2021-02-11,0,12441,,Pfizer/BioNTech,4314768,55.133,22267.037,0.815
Panama,North America,2021-02-12,0,12441,,Pfizer/BioNTech,4314768,55.133,22267.037,0.815
Panama,North America,2021-02-13,0,12441,,Pfizer/BioNTech,4314768,55.133,22267.037,0.815
Panama,North America,2021-02-14,0,12441,,Pfizer/BioNTech,4314768,55.133,22267.037,0.815
Panama,North America,2021-02-15,0,12441,,Pfizer/BioNTech,4314768,55.133,22267.037,0.815
Panama,North America,2021-02-16,,,,Pfizer/BioNTech,4314768,55.133,22267.037,0.815
Papua New Guinea,Oceania,2021-02-10,,,,,8947027,18.22,3823.194,0.555
Papua New Guinea,Oceania,2021-02-11,,,,,8947027,18.22,3823.194,0.555
Papua New Guinea,Oceania,2021-02-12,,,,,8947027,18.22,3823.194,0.555
Papua New Guinea,Oceania,2021-02-13,,,,,8947027,18.22,3823.194,0.555
Papua New Guinea,Oceania,2021-02-14,,,,,8947027,18.22,3823.194,0.555
Papua New Guinea,Oceania,2021-02-15,,,,,8947027,18.22,3823.194,0.555
Papua New Guinea,Oceania,2021-02-16,,,,,8947027,18.22,3823.194,0.555
Paraguay,South America,2021-02-10,,,,,7132530,17.144,8827.01,0.728
Paraguay,South America,2021-02-11,,,,,7132530,17.144,8827.01,0.728
Paraguay,South America,2021-02-12,,,,,7132530,17.144,8827.01,0.728
Paraguay,South America,2021-02-13,,,,,7132530,17.144,8827.01,0.728
Paraguay,South America,2021-02-14,,,,,7132530,17.144,8827.01,0.728
Paraguay,South America,2021-02-15,,,,,7132530,17.144,8827.01,0.728
Paraguay,South America,2021-02-16,,,,,7132530,17.144,8827.01,0.728
Peru,South America,2021-02-10,9779,9779,,Sinopharm/Beijing,32971846,25.129,12236.706,0.777
Peru,South America,2021-02-11,23142,32921,,Sinopharm/Beijing,32971846,25.129,12236.706,0.777
Peru,South America,2021-02-12,22358,55279,,Sinopharm/Beijing,32971846,25.129,12236.706,0.777
Peru,South America,2021-02-13,13532,68811,,Sinopharm/Beijing,32971846,25.129,12236.706,0.777
Peru,South America,2021-02-14,3619,72430,,Sinopharm/Beijing,32971846,25.129,12236.706,0.777
Peru,South America,2021-02-15,7333,79763,,Sinopharm/Beijing,32971846,25.129,12236.706,0.777
Peru,South America,2021-02-16,29735,109498,,Sinopharm/Beijing,32971846,25.129,12236.706,0.777
Philippines,Asia,2021-02-10,,,,,109581085,351.873,7599.188,0.718
Philippines,Asia,2021-02-11,,,,,109581085,351.873,7599.188,0.718
Philippines,Asia,2021-02-12,,,,,109581085,351.873,7599.188,0.718
Philippines,Asia,2021-02-13,,,,,109581085,351.873,7599.188,0.718
Philippines,Asia,2021-02-14,,,,,109581085,351.873,7599.188,0.718
Philippines,Asia,2021-02-15,,,,,109581085,351.873,7599.188,0.718
Philippines,Asia,2021-02-16,,,,,109581085,351.873,7599.188,0.718
Poland,Europe,2021-02-10,,,,Moderna,37846605,124.027,27216.445,0.88
Poland,Europe,2021-02-11,,1993739,580607,Moderna,37846605,124.027,27216.445,0.88
Poland,Europe,2021-02-12,77270,2071009,624907,Moderna,37846605,124.027,27216.445,0.88
Poland,Europe,2021-02-13,36080,2107089,640650,Moderna,37846605,124.027,27216.445,0.88
Poland,Europe,2021-02-14,15156,2122245,645971,Moderna,37846605,124.027,27216.445,0.88
Poland,Europe,2021-02-15,36901,2159146,658235,Moderna,37846605,124.027,27216.445,0.88
Poland,Europe,2021-02-16,,,,Moderna,37846605,124.027,27216.445,0.88
Portugal,Europe,2021-02-10,3819,400190,106055,Moderna,10196707,112.371,27936.896,0.864
Portugal,Europe,2021-02-11,36030,436220,133078,Moderna,10196707,112.371,27936.896,0.864
Portugal,Europe,2021-02-12,32099,468319,157604,Moderna,10196707,112.371,27936.896,0.864
Portugal,Europe,2021-02-13,37052,505371,184694,Moderna,10196707,112.371,27936.896,0.864
Portugal,Europe,2021-02-14,17978,523349,194530,Moderna,10196707,112.371,27936.896,0.864
Portugal,Europe,2021-02-15,5672,529021,197700,Moderna,10196707,112.371,27936.896,0.864
Portugal,Europe,2021-02-16,10765,539786,203286,Moderna,10196707,112.371,27936.896,0.864
Qatar,Asia,2021-02-10,,,,Pfizer/BioNTech,2881060,227.322,116935.6,0.848
Qatar,Asia,2021-02-11,,,,Pfizer/BioNTech,2881060,227.322,116935.6,0.848
Qatar,Asia,2021-02-12,,,,Pfizer/BioNTech,2881060,227.322,116935.6,0.848
Qatar,Asia,2021-02-13,,,,Pfizer/BioNTech,2881060,227.322,116935.6,0.848
Qatar,Asia,2021-02-14,,,,Pfizer/BioNTech,2881060,227.322,116935.6,0.848
Qatar,Asia,2021-02-15,,,,Pfizer/BioNTech,2881060,227.322,116935.6,0.848
Qatar,Asia,2021-02-16,,,,Pfizer/BioNTech,2881060,227.322,116935.6,0.848
Romania,Europe,2021-02-10,40812,970967,299519,Moderna,19237682,85.129,23313.199,0.828
Romania,Europe,2021-02-11,38455,1009422,334188,Moderna,19237682,85.129,23313.199,0.828
Romania,Europe,2021-02-12,39376,1048798,369465,Moderna,19237682,85.129,23313.199,0.828
Romania,Europe,2021-02-13,35298,1084096,400750,Moderna,19237682,85.129,23313.199,0.828
Romania,Europe,2021-02-14,29879,1113975,427341,Moderna,19237682,85.129,23313.199,0.828
Romania,Europe,2021-02-15,37137,1151112,454169,Moderna,19237682,85.129,23313.199,0.828
Romania,Europe,2021-02-16,45977,1197089,481341,Moderna,19237682,85.129,23313.199,0.828
Russia,Europe,2021-02-10,,3900000,1700000,Sputnik V,145934460,8.823,24765.954,0.824
Russia,Europe,2021-02-11,,,,Sputnik V,145934460,8.823,24765.954,0.824
Russia,Europe,2021-02-12,,,,Sputnik V,145934460,8.823,24765.954,0.824
Russia,Europe,2021-02-13,,,,Sputnik V,145934460,8.823,24765.954,0.824
Russia,Europe,2021-02-14,,,,Sputnik V,145934460,8.823,24765.954,0.824
Russia,Europe,2021-02-15,,,,Sputnik V,145934460,8.823,24765.954,0.824
Russia,Europe,2021-02-16,,,,Sputnik V,145934460,8.823,24765.954,0.824
Rwanda,Africa,2021-02-10,,,,,12952209,494.869,1854.211,0.543
Rwanda,Africa,2021-02-11,,,,,12952209,494.869,1854.211,0.543
Rwanda,Africa,2021-02-12,,,,,12952209,494.869,1854.211,0.543
Rwanda,Africa,2021-02-13,,,,,12952209,494.869,1854.211,0.543
Rwanda,Africa,2021-02-14,,,,,12952209,494.869,1854.211,0.543
Rwanda,Africa,2021-02-15,,,,,12952209,494.869,1854.211,0.543
Rwanda,Africa,2021-02-16,,,,,12952209,494.869,1854.211,0.543
Saint Kitts and Nevis,North America,2021-02-10,,,,,53192,212.865,24654.385,0.779
Saint Kitts and Nevis,North America,2021-02-11,,,,,53192,212.865,24654.385,0.779
Saint Kitts and Nevis,North America,2021-02-12,,,,,53192,212.865,24654.385,0.779
Saint Kitts and Nevis,North America,2021-02-13,,,,,53192,212.865,24654.385,0.779
Saint Kitts and Nevis,North America,2021-02-14,,,,,53192,212.865,24654.385,0.779
Saint Kitts and Nevis,North America,2021-02-15,,,,,53192,212.865,24654.385,0.779
Saint Kitts and Nevis,North America,2021-02-16,,,,,53192,212.865,24654.385,0.779
Saint Lucia,North America,2021-02-10,,,,,183629,293.187,12951.839,0.759
Saint Lucia,North America,2021-02-11,,,,,183629,293.187,12951.839,0.759
Saint Lucia,North America,2021-02-12,,,,,183629,293.187,12951.839,0.759
Saint Lucia,North America,2021-02-13,,,,,183629,293.187,12951.839,0.759
Saint Lucia,North America,2021-02-14,,,,,183629,293.187,12951.839,0.759
Saint Lucia,North America,2021-02-15,,,,,183629,293.187,12951.839,0.759
Saint Lucia,North America,2021-02-16,,,,,183629,293.187,12951.839,0.759
Saint Vincent and the Grenadines,North America,2021-02-10,,,,,110947,281.787,10727.146,0.738
Saint Vincent and the Grenadines,North America,2021-02-11,,,,,110947,281.787,10727.146,0.738
Saint Vincent and the Grenadines,North America,2021-02-12,,,,,110947,281.787,10727.146,0.738
Saint Vincent and the Grenadines,North America,2021-02-13,,,,,110947,281.787,10727.146,0.738
Saint Vincent and the Grenadines,North America,2021-02-14,,,,,110947,281.787,10727.146,0.738
Saint Vincent and the Grenadines,North America,2021-02-15,,,,,110947,281.787,10727.146,0.738
Saint Vincent and the Grenadines,North America,2021-02-16,,,,,110947,281.787,10727.146,0.738
Samoa,Oceania,2021-02-10,,,,,198410,69.413,6021.557,0.715
Samoa,Oceania,2021-02-11,,,,,198410,69.413,6021.557,0.715
Samoa,Oceania,2021-02-12,,,,,198410,69.413,6021.557,0.715
Samoa,Oceania,2021-02-13,,,,,198410,69.413,6021.557,0.715
Samoa,Oceania,2021-02-14,,,,,198410,69.413,6021.557,0.715
Samoa,Oceania,2021-02-15,,,,,198410,69.413,6021.557,0.715
Samoa,Oceania,2021-02-16,,,,,198410,69.413,6021.557,0.715
San Marino,Europe,2021-02-10,,,,,33938,556.667,56861.47,
San Marino,Europe,2021-02-11,,,,,33938,556.667,56861.47,
San Marino,Europe,2021-02-12,,,,,33938,556.667,56861.47,
San Marino,Europe,2021-02-13,,,,,33938,556.667,56861.47,
San Marino,Europe,2021-02-14,,,,,33938,556.667,56861.47,
San Marino,Europe,2021-02-15,,,,,33938,556.667,56861.47,
San Marino,Europe,2021-02-16,,,,,33938,556.667,56861.47,
Sao Tome and Principe,Africa,2021-02-10,,,,,219161,212.841,3052.714,0.625
Sao Tome and Principe,Africa,2021-02-11,,,,,219161,212.841,3052.714,0.625
Sao Tome and Principe,Africa,2021-02-12,,,,,219161,212.841,3052.714,0.625
Sao Tome and Principe,Africa,2021-02-13,,,,,219161,212.841,3052.714,0.625
Sao Tome and Principe,Africa,2021-02-14,,,,,219161,212.841,3052.714,0.625
Sao Tome and Principe,Africa,2021-02-15,,,,,219161,212.841,3052.714,0.625
Sao Tome and Principe,Africa,2021-02-16,,,,,219161,212.841,3052.714,0.625
Saudi Arabia,Asia,2021-02-10,,,,Pfizer/BioNTech,34813867,15.322,49045.411,0.854
Saudi Arabia,Asia,2021-02-11,,444465,,Pfizer/BioNTech,34813867,15.322,49045.411,0.854
Saudi Arabia,Asia,2021-02-12,,,,Pfizer/BioNTech,34813867,15.322,49045.411,0.854
Saudi Arabia,Asia,2021-02-13,,,,Pfizer/BioNTech,34813867,15.322,49045.411,0.854
Saudi Arabia,Asia,2021-02-14,,446940,,Pfizer/BioNTech,34813867,15.322,49045.411,0.854
Saudi Arabia,Asia,2021-02-15,,,,Pfizer/BioNTech,34813867,15.322,49045.411,0.854
Saudi Arabia,Asia,2021-02-16,,462812,,Pfizer/BioNTech,34813867,15.322,49045.411,0.854
Senegal,Africa,2021-02-10,,,,,16743930,82.328,2470.58,0.512
Senegal,Africa,2021-02-11,,,,,16743930,82.328,2470.58,0.512
Senegal,Africa,2021-02-12,,,,,16743930,82.328,2470.58,0.512
Senegal,Africa,2021-02-13,,,,,16743930,82.328,2470.58,0.512
Senegal,Africa,2021-02-14,,,,,16743930,82.328,2470.58,0.512
Senegal,Africa,2021-02-15,,,,,16743930,82.328,2470.58,0.512
Senegal,Africa,2021-02-16,,,,,16743930,82.328,2470.58,0.512
Serbia,Europe,2021-02-10,,640299,47665,Pfizer/BioNTech,6804596,80.291,14048.881,0.806
Serbia,Europe,2021-02-11,,,,Pfizer/BioNTech,6804596,80.291,14048.881,0.806
Serbia,Europe,2021-02-12,,710138,126149,Pfizer/BioNTech,6804596,80.291,14048.881,0.806
Serbia,Europe,2021-02-13,,,,Pfizer/BioNTech,6804596,80.291,14048.881,0.806
Serbia,Europe,2021-02-14,,817000,182000,Pfizer/BioNTech,6804596,80.291,14048.881,0.806
Serbia,Europe,2021-02-15,,,,Pfizer/BioNTech,6804596,80.291,14048.881,0.806
Serbia,Europe,2021-02-16,,,,Pfizer/BioNTech,6804596,80.291,14048.881,0.806
Seychelles,Africa,2021-02-10,3638,48061,10335,Oxford/AstraZeneca,98340,208.354,26382.287,0.796
Seychelles,Africa,2021-02-11,3758,51819,13867,Oxford/AstraZeneca,98340,208.354,26382.287,0.796
Seychelles,Africa,2021-02-12,,,,Oxford/AstraZeneca,98340,208.354,26382.287,0.796
Seychelles,Africa,2021-02-13,,55980,14181,Oxford/AstraZeneca,98340,208.354,26382.287,0.796
Seychelles,Africa,2021-02-14,,,,Oxford/AstraZeneca,98340,208.354,26382.287,0.796
Seychelles,Africa,2021-02-15,,,,Oxford/AstraZeneca,98340,208.354,26382.287,0.796
Seychelles,Africa,2021-02-16,,,,Oxford/AstraZeneca,98340,208.354,26382.287,0.796
Sierra Leone,Africa,2021-02-10,,,,,7976985,104.7,1390.3,0.452
Sierra Leone,Africa,2021-02-11,,,,,7976985,104.7,1390.3,0.452
Sierra Leone,Africa,2021-02-12,,,,,7976985,104.7,1390.3,0.452
Sierra Leone,Africa,2021-02-13,,,,,7976985,104.7,1390.3,0.452
Sierra Leone,Africa,2021-02-14,,,,,7976985,104.7,1390.3,0.452
Sierra Leone,Africa,2021-02-15,,,,,7976985,104.7,1390.3,0.452
Sierra Leone,Africa,2021-02-16,,,,,7976985,104.7,1390.3,0.452
Singapore,Asia,2021-02-10,,256000,6000,Pfizer/BioNTech,5850343,7915.731,85535.383,0.938
Singapore,Asia,2021-02-11,,,,Pfizer/BioNTech,5850343,7915.731,85535.383,0.938
Singapore,Asia,2021-02-12,,,,Pfizer/BioNTech,5850343,7915.731,85535.383,0.938
Singapore,Asia,2021-02-13,,,,Pfizer/BioNTech,5850343,7915.731,85535.383,0.938
Singapore,Asia,2021-02-14,,,,Pfizer/BioNTech,5850343,7915.731,85535.383,0.938
Singapore,Asia,2021-02-15,,,,Pfizer/BioNTech,5850343,7915.731,85535.383,0.938
Singapore,Asia,2021-02-16,,,,Pfizer/BioNTech,5850343,7915.731,85535.383,0.938
Slovakia,Europe,2021-02-10,12931,256048,49082,Pfizer/BioNTech,5459643,113.128,30155.152,0.86
Slovakia,Europe,2021-02-11,13528,269576,55683,Pfizer/BioNTech,5459643,113.128,30155.152,0.86
Slovakia,Europe,2021-02-12,13958,283534,62076,Pfizer/BioNTech,5459643,113.128,30155.152,0.86
Slovakia,Europe,2021-02-13,3920,287454,62495,Pfizer/BioNTech,5459643,113.128,30155.152,0.86
Slovakia,Europe,2021-02-14,10808,298262,62700,Pfizer/BioNTech,5459643,113.128,30155.152,0.86
Slovakia,Europe,2021-02-15,13037,311299,69395,Pfizer/BioNTech,5459643,113.128,30155.152,0.86
Slovakia,Europe,2021-02-16,,,,Pfizer/BioNTech,5459643,113.128,30155.152,0.86
Slovenia,Europe,2021-02-10,3157,102263,44469,Oxford/AstraZeneca,2078932,102.619,31400.84,0.917
Slovenia,Europe,2021-02-11,8032,110295,46008,Oxford/AstraZeneca,2078932,102.619,31400.84,0.917
Slovenia,Europe,2021-02-12,8104,118399,47665,Oxford/AstraZeneca,2078932,102.619,31400.84,0.917
Slovenia,Europe,2021-02-13,854,119253,47844,Oxford/AstraZeneca,2078932,102.619,31400.84,0.917
Slovenia,Europe,2021-02-14,15,119268,47845,Oxford/AstraZeneca,2078932,102.619,31400.84,0.917
Slovenia,Europe,2021-02-15,78,119346,47851,Oxford/AstraZeneca,2078932,102.619,31400.84,0.917
Slovenia,Europe,2021-02-16,,,,Oxford/AstraZeneca,2078932,102.619,31400.84,0.917
Solomon Islands,Oceania,2021-02-10,,,,,686878,21.841,2205.923,0.567
Solomon Islands,Oceania,2021-02-11,,,,,686878,21.841,2205.923,0.567
Solomon Islands,Oceania,2021-02-12,,,,,686878,21.841,2205.923,0.567
Solomon Islands,Oceania,2021-02-13,,,,,686878,21.841,2205.923,0.567
Solomon Islands,Oceania,2021-02-14,,,,,686878,21.841,2205.923,0.567
Solomon Islands,Oceania,2021-02-15,,,,,686878,21.841,2205.923,0.567
Solomon Islands,Oceania,2021-02-16,,,,,686878,21.841,2205.923,0.567
Somalia,Africa,2021-02-10,,,,,15893219,23.5,,
Somalia,Africa,2021-02-11,,,,,15893219,23.5,,
Somalia,Africa,2021-02-12,,,,,15893219,23.5,,
Somalia,Africa,2021-02-13,,,,,15893219,23.5,,
Somalia,Africa,2021-02-14,,,,,15893219,23.5,,
Somalia,Africa,2021-02-15,,,,,15893219,23.5,,
Somalia,Africa,2021-02-16,,,,,15893219,23.5,,
South Africa,Africa,2021-02-10,,,,,59308690,46.754,12294.876,0.709
South Africa,Africa,2021-02-11,,,,,59308690,46.754,12294.876,0.709
South Africa,Africa,2021-02-12,,,,,59308690,46.754,12294.876,0.709
South Africa,Africa,2021-02-13,,,,,59308690,46.754,12294.876,0.709
South Africa,Africa,2021-02-14,,,,,59308690,46.754,12294.876,0.709
South Africa,Africa,2021-02-15,,,,,59308690,46.754,12294.876,0.709
South Africa,Africa,2021-02-16,,,,,59308690,46.754,12294.876,0.709
South Korea,Asia,2021-02-10,,,,,51269183,527.967,35938.374,0.916
South Korea,Asia,2021-02-11,,,,,51269183,527.967,35938.374,0.916
South Korea,Asia,2021-02-12,,,,,51269183,527.967,35938.374,0.916
South Korea,Asia,2021-02-13,,,,,51269183,527.967,35938.374,0.916
South Korea,Asia,2021-02-14,,,,,51269183,527.967,35938.374,0.916
South Korea,Asia,2021-02-15,,,,,51269183,527.967,35938.374,0.916
South Korea,Asia,2021-02-16,,,,,51269183,527.967,35938.374,0.916
South Sudan,Africa,2021-02-10,,,,,11193729,,1569.888,0.433
South Sudan,Africa,2021-02-11,,,,,11193729,,1569.888,0.433
South Sudan,Africa,2021-02-12,,,,,11193729,,1569.888,0.433
South Sudan,Africa,2021-02-13,,,,,11193729,,1569.888,0.433
South Sudan,Africa,2021-02-14,,,,,11193729,,1569.888,0.433
South Sudan,Africa,2021-02-15,,,,,11193729,,1569.888,0.433
South Sudan,Africa,2021-02-16,,,,,11193729,,1569.888,0.433
Spain,Europe,2021-02-10,87258,2320507,943278,Moderna,46754783,93.105,34272.36,0.904
Spain,Europe,2021-02-11,102538,2423045,1000485,Moderna,46754783,93.105,34272.36,0.904
Spain,Europe,2021-02-12,,,,Moderna,46754783,93.105,34272.36,0.904
Spain,Europe,2021-02-13,,,,Moderna,46754783,93.105,34272.36,0.904
Spain,Europe,2021-02-14,,2561608,1070091,Moderna,46754783,93.105,34272.36,0.904
Spain,Europe,2021-02-15,62904,2624512,1096922,Moderna,46754783,93.105,34272.36,0.904
Spain,Europe,2021-02-16,,,,Moderna,46754783,93.105,34272.36,0.904
Sri Lanka,Asia,2021-02-10,2532,176725,,Oxford/AstraZeneca,21413250,341.955,11669.077,0.782
Sri Lanka,Asia,2021-02-11,1362,178087,,Oxford/AstraZeneca,21413250,341.955,11669.077,0.782
Sri Lanka,Asia,2021-02-12,1110,179197,,Oxford/AstraZeneca,21413250,341.955,11669.077,0.782
Sri Lanka,Asia,2021-02-13,7457,186654,,Oxford/AstraZeneca,21413250,341.955,11669.077,0.782
Sri Lanka,Asia,2021-02-14,2695,189349,,Oxford/AstraZeneca,21413250,341.955,11669.077,0.782
Sri Lanka,Asia,2021-02-15,3589,192938,,Oxford/AstraZeneca,21413250,341.955,11669.077,0.782
Sri Lanka,Asia,2021-02-16,3225,196163,,Oxford/AstraZeneca,21413250,341.955,11669.077,0.782
Sudan,Africa,2021-02-10,,,,,43849269,23.258,4466.507,0.51
Sudan,Africa,2021-02-11,,,,,43849269,23.258,4466.507,0.51
Sudan,Africa,2021-02-12,,,,,43849269,23.258,4466.507,0.51
Sudan,Africa,2021-02-13,,,,,43849269,23.258,4466.507,0.51
Sudan,Africa,2021-02-14,,,,,43849269,23.258,4466.507,0.51
Sudan,Africa,2021-02-15,,,,,43849269,23.258,4466.507,0.51
Sudan,Africa,2021-02-16,,,,,43849269,23.258,4466.507,0.51
Suriname,South America,2021-02-10,,,,,586634,3.612,13767.119,0.738
Suriname,South America,2021-02-11,,,,,586634,3.612,13767.119,0.738
Suriname,South America,2021-02-12,,,,,586634,3.612,13767.119,0.738
Suriname,South America,2021-02-13,,,,,586634,3.612,13767.119,0.738
Suriname,South America,2021-02-14,,,,,586634,3.612,13767.119,0.738
Suriname,South America,2021-02-15,,,,,586634,3.612,13767.119,0.738
Suriname,South America,2021-02-16,,,,,586634,3.612,13767.119,0.738
Sweden,Europe,2021-02-10,,402571,85806,Oxford/AstraZeneca,10099270,24.718,46949.283,0.945
Sweden,Europe,2021-02-11,30325,432896,101507,Oxford/AstraZeneca,10099270,24.718,46949.283,0.945
Sweden,Europe,2021-02-12,24966,457862,116206,Oxford/AstraZeneca,10099270,24.718,46949.283,0.945
Sweden,Europe,2021-02-13,,,,Oxford/AstraZeneca,10099270,24.718,46949.283,0.945
Sweden,Europe,2021-02-14,,,,Oxford/AstraZeneca,10099270,24.718,46949.283,0.945
Sweden,Europe,2021-02-15,,,,Oxford/AstraZeneca,10099270,24.718,46949.283,0.945
Sweden,Europe,2021-02-16,,505898,141778,Oxford/AstraZeneca,10099270,24.718,46949.283,0.945
Switzerland,Europe,2021-02-10,,481405,,Moderna,8654618,214.243,57410.166,0.955
Switzerland,Europe,2021-02-11,,,,Moderna,8654618,214.243,57410.166,0.955
Switzerland,Europe,2021-02-12,,,,Moderna,8654618,214.243,57410.166,0.955
Switzerland,Europe,2021-02-13,,,,Moderna,8654618,214.243,57410.166,0.955
Switzerland,Europe,2021-02-14,,540066,,Moderna,8654618,214.243,57410.166,0.955
Switzerland,Europe,2021-02-15,,,,Moderna,8654618,214.243,57410.166,0.955
Switzerland,Europe,2021-02-16,,,,Moderna,8654618,214.243,57410.166,0.955
Syria,Asia,2021-02-10,,,,,17500657,,,0.567
Syria,Asia,2021-02-11,,,,,17500657,,,0.567
Syria,Asia,2021-02-12,,,,,17500657,,,0.567
Syria,Asia,2021-02-13,,,,,17500657,,,0.567
Syria,Asia,2021-02-14,,,,,17500657,,,0.567
Syria,Asia,2021-02-15,,,,,17500657,,,0.567
Syria,Asia,2021-02-16,,,,,17500657,,,0.567
Taiwan,Asia,2021-02-10,,,,,23816775,,,
Taiwan,Asia,2021-02-11,,,,,23816775,,,
Taiwan,Asia,2021-02-12,,,,,23816775,,,
Taiwan,Asia,2021-02-13,,,,,23816775,,,
Taiwan,Asia,2021-02-14,,,,,23816775,,,
Taiwan,Asia,2021-02-15,,,,,23816775,,,
Taiwan,Asia,2021-02-16,,,,,23816775,,,
Tajikistan,Asia,2021-02-10,,,,,9537642,64.281,2896.913,0.668
Tajikistan,Asia,2021-02-11,,,,,9537642,64.281,2896.913,0.668
Tajikistan,Asia,2021-02-12,,,,,9537642,64.281,2896.913,0.668
Tajikistan,Asia,2021-02-13,,,,,9537642,64.281,2896.913,0.668
Tajikistan,Asia,2021-02-14,,,,,9537642,64.281,2896.913,0.668
Tajikistan,Asia,2021-02-15,,,,,9537642,64.281,2896.913,0.668
Tajikistan,Asia,2021-02-16,,,,,9537642,64.281,2896.913,0.668
Tanzania,Africa,2021-02-10,,,,,59734213,64.699,2683.304,0.529
Tanzania,Africa,2021-02-11,,,,,59734213,64.699,2683.304,0.529
Tanzania,Africa,2021-02-12,,,,,59734213,64.699,2683.304,0.529
Tanzania,Africa,2021-02-13,,,,,59734213,64.699,2683.304,0.529
Tanzania,Africa,2021-02-14,,,,,59734213,64.699,2683.304,0.529
Tanzania,Africa,2021-02-15,,,,,59734213,64.699,2683.304,0.529
Tanzania,Africa,2021-02-16,,,,,59734213,64.699,2683.304,0.529
Thailand,Asia,2021-02-10,,,,,69799978,135.132,16277.671,0.777
Thailand,Asia,2021-02-11,,,,,69799978,135.132,16277.671,0.777
Thailand,Asia,2021-02-12,,,,,69799978,135.132,16277.671,0.777
Thailand,Asia,2021-02-13,,,,,69799978,135.132,16277.671,0.777
Thailand,Asia,2021-02-14,,,,,69799978,135.132,16277.671,0.777
Thailand,Asia,2021-02-15,,,,,69799978,135.132,16277.671,0.777
Thailand,Asia,2021-02-16,,,,,69799978,135.132,16277.671,0.777
Timor,Asia,2021-02-10,,,,,1318442,87.176,6570.102,0.606
Timor,Asia,2021-02-11,,,,,1318442,87.176,6570.102,0.606
Timor,Asia,2021-02-12,,,,,1318442,87.176,6570.102,0.606
Timor,Asia,2021-02-13,,,,,1318442,87.176,6570.102,0.606
Timor,Asia,2021-02-14,,,,,1318442,87.176,6570.102,0.606
Timor,Asia,2021-02-15,,,,,1318442,87.176,6570.102,0.606
Timor,Asia,2021-02-16,,,,,1318442,87.176,6570.102,0.606
Togo,Africa,2021-02-10,,,,,8278737,143.366,1429.813,0.515
Togo,Africa,2021-02-11,,,,,8278737,143.366,1429.813,0.515
Togo,Africa,2021-02-12,,,,,8278737,143.366,1429.813,0.515
Togo,Africa,2021-02-13,,,,,8278737,143.366,1429.813,0.515
Togo,Africa,2021-02-14,,,,,8278737,143.366,1429.813,0.515
Togo,Africa,2021-02-15,,,,,8278737,143.366,1429.813,0.515
Togo,Africa,2021-02-16,,,,,8278737,143.366,1429.813,0.515
Trinidad and Tobago,North America,2021-02-10,,,,,1399491,266.886,28763.071,0.796
Trinidad and Tobago,North America,2021-02-11,,,,,1399491,266.886,28763.071,0.796
Trinidad and Tobago,North America,2021-02-12,,,,,1399491,266.886,28763.071,0.796
Trinidad and Tobago,North America,2021-02-13,,,,,1399491,266.886,28763.071,0.796
Trinidad and Tobago,North America,2021-02-14,,,,,1399491,266.886,28763.071,0.796
Trinidad and Tobago,North America,2021-02-15,,,,,1399491,266.886,28763.071,0.796
Trinidad and Tobago,North America,2021-02-16,,,,,1399491,266.886,28763.071,0.796
Tunisia,Africa,2021-02-10,,,,,11818618,74.228,10849.297,0.74
Tunisia,Africa,2021-02-11,,,,,11818618,74.228,10849.297,0.74
Tunisia,Africa,2021-02-12,,,,,11818618,74.228,10849.297,0.74
Tunisia,Africa,2021-02-13,,,,,11818618,74.228,10849.297,0.74
Tunisia,Africa,2021-02-14,,,,,11818618,74.228,10849.297,0.74
Tunisia,Africa,2021-02-15,,,,,11818618,74.228,10849.297,0.74
Tunisia,Africa,2021-02-16,,,,,11818618,74.228,10849.297,0.74
Turkey,Asia,2021-02-10,62407,2795116,,Sinovac,84339067,104.914,25129.341,0.82
Turkey,Asia,2021-02-11,51009,2846125,,Sinovac,84339067,104.914,25129.341,0.82
Turkey,Asia,2021-02-12,558229,3404354,336532,Sinovac,84339067,104.914,25129.341,0.82
Turkey,Asia,2021-02-13,305542,3709896,456891,Sinovac,84339067,104.914,25129.341,0.82
Turkey,Asia,2021-02-14,115205,3825101,488937,Sinovac,84339067,104.914,25129.341,0.82
Turkey,Asia,2021-02-15,356926,4182027,573879,Sinovac,84339067,104.914,25129.341,0.82
Turkey,Asia,2021-02-16,448757,4630784,646162,Sinovac,84339067,104.914,25129.341,0.82
Uganda,Africa,2021-02-10,,,,,45741000,213.759,1697.707,0.544
Uganda,Africa,2021-02-11,,,,,45741000,213.759,1697.707,0.544
Uganda,Africa,2021-02-12,,,,,45741000,213.759,1697.707,0.544
Uganda,Africa,2021-02-13,,,,,45741000,213.759,1697.707,0.544
Uganda,Africa,2021-02-14,,,,,45741000,213.759,1697.707,0.544
Uganda,Africa,2021-02-15,,,,,45741000,213.759,1697.707,0.544
Uganda,Africa,2021-02-16,,,,,45741000,213.759,1697.707,0.544
Ukraine,Europe,2021-02-10,,,,,43733759,77.39,7894.393,0.779
Ukraine,Europe,2021-02-11,,,,,43733759,77.39,7894.393,0.779
Ukraine,Europe,2021-02-12,,,,,43733759,77.39,7894.393,0.779
Ukraine,Europe,2021-02-13,,,,,43733759,77.39,7894.393,0.779
Ukraine,Europe,2021-02-14,,,,,43733759,77.39,7894.393,0.779
Ukraine,Europe,2021-02-15,,,,,43733759,77.39,7894.393,0.779
Ukraine,Europe,2021-02-16,,,,,43733759,77.39,7894.393,0.779
United Arab Emirates,Asia,2021-02-10,157514,4684658,,Oxford/AstraZeneca,9890400,112.442,67293.483,0.89
United Arab Emirates,Asia,2021-02-11,107550,4792208,,Oxford/AstraZeneca,9890400,112.442,67293.483,0.89
United Arab Emirates,Asia,2021-02-12,109587,4901795,,Oxford/AstraZeneca,9890400,112.442,67293.483,0.89
United Arab Emirates,Asia,2021-02-13,103469,5005264,,Oxford/AstraZeneca,9890400,112.442,67293.483,0.89
United Arab Emirates,Asia,2021-02-14,49967,5055231,,Oxford/AstraZeneca,9890400,112.442,67293.483,0.89
United Arab Emirates,Asia,2021-02-15,31604,5086835,,Oxford/AstraZeneca,9890400,112.442,67293.483,0.89
United Arab Emirates,Asia,2021-02-16,111890,5198725,,Oxford/AstraZeneca,9890400,112.442,67293.483,0.89
United Kingdom,Europe,2021-02-10,455704,14033555,524447,Oxford/AstraZeneca,67886004,272.898,39753.244,0.932
United Kingdom,Europe,2021-02-11,508763,14542318,530094,Oxford/AstraZeneca,67886004,272.898,39753.244,0.932
United Kingdom,Europe,2021-02-12,549378,15091696,534869,Oxford/AstraZeneca,67886004,272.898,39753.244,0.932
United Kingdom,Europe,2021-02-13,508208,15599904,537715,Oxford/AstraZeneca,67886004,272.898,39753.244,0.932
United Kingdom,Europe,2021-02-14,239877,15839781,539630,Oxford/AstraZeneca,67886004,272.898,39753.244,0.932
United Kingdom,Europe,2021-02-15,282491,16122272,546165,Oxford/AstraZeneca,67886004,272.898,39753.244,0.932
United Kingdom,Europe,2021-02-16,,,,Oxford/AstraZeneca,67886004,272.898,39753.244,0.932
United States,North America,2021-02-10,1563780,44769970,10469514,Moderna,331002647,35.608,54225.446,0.926
United States,North America,2021-02-11,1620300,46390270,11188782,Moderna,331002647,35.608,54225.446,0.926
United States,North America,2021-02-12,2020288,48410558,12085830,Moderna,331002647,35.608,54225.446,0.926
United States,North America,2021-02-13,2231326,50641884,13082172,Moderna,331002647,35.608,54225.446,0.926
United States,North America,2021-02-14,2242472,52884356,14077440,Moderna,331002647,35.608,54225.446,0.926
United States,North America,2021-02-15,,,,Moderna,331002647,35.608,54225.446,0.926
United States,North America,2021-02-16,,55220364,15015434,Moderna,331002647,35.608,54225.446,0.926
Uruguay,South America,2021-02-10,,,,,3473727,19.751,20551.409,0.817
Uruguay,South America,2021-02-11,,,,,3473727,19.751,20551.409,0.817
Uruguay,South America,2021-02-12,,,,,3473727,19.751,20551.409,0.817
Uruguay,South America,2021-02-13,,,,,3473727,19.751,20551.409,0.817
Uruguay,South America,2021-02-14,,,,,3473727,19.751,20551.409,0.817
Uruguay,South America,2021-02-15,,,,,3473727,19.751,20551.409,0.817
Uruguay,South America,2021-02-16,,,,,3473727,19.751,20551.409,0.817
Uzbekistan,Asia,2021-02-10,,,,,33469199,76.134,6253.104,0.72
Uzbekistan,Asia,2021-02-11,,,,,33469199,76.134,6253.104,0.72
Uzbekistan,Asia,2021-02-12,,,,,33469199,76.134,6253.104,0.72
Uzbekistan,Asia,2021-02-13,,,,,33469199,76.134,6253.104,0.72
Uzbekistan,Asia,2021-02-14,,,,,33469199,76.134,6253.104,0.72
Uzbekistan,Asia,2021-02-15,,,,,33469199,76.134,6253.104,0.72
Uzbekistan,Asia,2021-02-16,,,,,33469199,76.134,6253.104,0.72
Vanuatu,Oceania,2021-02-10,,,,,307150,22.662,2921.909,0.609
Vanuatu,Oceania,2021-02-11,,,,,307150,22.662,2921.909,0.609
Vanuatu,Oceania,2021-02-12,,,,,307150,22.662,2921.909,0.609
Vanuatu,Oceania,2021-02-13,,,,,307150,22.662,2921.909,0.609
Vanuatu,Oceania,2021-02-14,,,,,307150,22.662,2921.909,0.609
Vanuatu,Oceania,2021-02-15,,,,,307150,22.662,2921.909,0.609
Vanuatu,Oceania,2021-02-16,,,,,307150,22.662,2921.909,0.609
Vatican,Europe,2021-02-10,,,,,809,,,
Vatican,Europe,2021-02-11,,,,,809,,,
Vatican,Europe,2021-02-12,,,,,809,,,
Vatican,Europe,2021-02-13,,,,,809,,,
Vatican,Europe,2021-02-14,,,,,809,,,
Vatican,Europe,2021-02-15,,,,,809,,,
Vatican,Europe,2021-02-16,,,,,809,,,
Venezuela,South America,2021-02-10,,,,,28435943,36.253,16745.022,0.711
Venezuela,South America,2021-02-11,,,,,28435943,36.253,16745.022,0.711
Venezuela,South America,2021-02-12,,,,,28435943,36.253,16745.022,0.711
Venezuela,South America,2021-02-13,,,,,28435943,36.253,16745.022,0.711
Venezuela,South America,2021-02-14,,,,,28435943,36.253,16745.022,0.711
Venezuela,South America,2021-02-15,,,,,28435943,36.253,16745.022,0.711
Venezuela,South America,2021-02-16,,,,,28435943,36.253,16745.022,0.711
Vietnam,Asia,2021-02-10,,,,,97338583,308.127,6171.884,0.704
Vietnam,Asia,2021-02-11,,,,,97338583,308.127,6171.884,0.704
Vietnam,Asia,2021-02-12,,,,,97338583,308.127,6171.884,0.704
Vietnam,Asia,2021-02-13,,,,,97338583,308.127,6171.884,0.704
Vietnam,Asia,2021-02-14,,,,,97338583,308.127,6171.884,0.704
Vietnam,Asia,2021-02-15,,,,,97338583,308.127,6171.884,0.704
Vietnam,Asia,2021-02-16,,,,,97338583,308.127,6171.884,0.704
Yemen,Asia,2021-02-10,,,,,29825968,53.508,1479.147,0.47
Yemen,Asia,2021-02-11,,,,,29825968,53.508,1479.147,0.47
Yemen,Asia,2021-02-12,,,,,29825968,53.508,1479.147,0.47
Yemen,Asia,2021-02-13,,,,,29825968,53.508,1479.147,0.47
Yemen,Asia,2021-02-14,,,,,29825968,53.508,1479.147,0.47
Yemen,Asia,2021-02-15,,,,,29825968,53.508,1479.147,0.47
Yemen,Asia,2021-02-16,,,,,29825968,53.508,1479.147,0.47
Zambia,Africa,2021-02-10,,,,,18383956,22.995,3689.251,0.584
Zambia,Africa,2021-02-11,,,,,18383956,22.995,3689.251,0.584
Zambia,Africa,2021-02-12,,,,,18383956,22.995,3689.251,0.584
Zambia,Africa,2021-02-13,,,,,18383956,22.995,3689.251,0.584
Zambia,Africa,2021-02-14,,,,,18383956,22.995,3689.251,0.584
Zambia,Africa,2021-02-15,,,,,18383956,22.995,3689.251,0.584
Zambia,Africa,2021-02-16,,,,,18383956,22.995,3689.251,0.584
Zimbabwe,Africa,2021-02-10,,,,,14862927,42.729,1899.775,0.571
Zimbabwe,Africa,2021-02-11,,,,,14862927,42.729,1899.775,0.571
Zimbabwe,Africa,2021-02-12,,,,,14862927,42.729,1899.775,0.571
Zimbabwe,Africa,2021-02-13,,,,,14862927,42.729,1899.775,0.571
Zimbabwe,Africa,2021-02-14,,,,,14862927,42.729,1899.775,0.571
Zimbabwe,Africa,2021-02-15,,,,,14862927,42.729,1899.775,0.571
Zimbabwe,Africa,2021-02-16,,,,,14862927,42.729,1899.775,0.571